,loan_amount,loan_days,education_id,has_immovables,has_movables,monthly_income,income_frequency_id,monthly_expenses,product_dpr,product_interest_min,Score,Zscore
0,3000,30,5,0,0,15000,2,4000,1.8,50,116.96969730818519,-0.0713686635551088
1,1000,7,4,0,0,11000,2,5000,0.0,120,10.899528213895117,-0.08266645586641642
2,1000,3,4,0,0,10000,2,5000,1.9,50,18.20474820680184,-0.08188835907470766
3,1600,30,3,0,0,8000,2,3000,1.8,50,116.60091148340622,-0.07140794383241282
4,2500,18,5,1,0,9000,2,8000,1.9,50,19.509699234678827,-0.08174936555923325
5,1000,30,3,0,0,6500,2,3000,1.8,50,116.49377020478083,-0.07141935571121166
6,1300,30,5,1,0,20000,999,7000,1.8,50,116.62438608553013,-0.07140544349530908
7,2000,14,5,0,0,14000,2,7000,1.9,50,18.779277780402047,-0.08182716452910956
8,2500,12,5,0,0,15000,1,12000,1.53,50,14.228888675558583,-0.08231183756660099
9,1000,7,6,0,0,7200,2,4000,0.0,120,10.880047710227105,-0.08266853078235593
10,2000,30,3,0,0,15000,2,2000,1.8,50,116.66609418138302,-0.07140100106433465
11,1400,3,4,0,0,25000,2,15000,1.8,50,16.43314988422052,-0.08207705633123596
12,2500,30,3,0,0,14000,2,4500,1.9,50,118.91718621486433,-0.0711612317636437
13,2000,30,4,0,0,9000,1,3000,1.43,50,113.68122278938337,-0.07171892699346935
14,1500,30,2,0,0,10000,1,3000,1.53,50,114.0631806190725,-0.07167824373380877
15,1000,30,5,0,0,2000,2,500,1.8,50,116.44954200067636,-0.07142406656506003
16,800,3,5,1,0,9000,2,5000,1.8,50,16.08971727947149,-0.08211363617526295
17,1200,9,3,0,1,30000,2,15999,1.8,50,16.38855650661219,-0.08208180608060452
18,3000,30,4,0,0,10000,1,3000,1.8,50,116.95090032736418,-0.07137066566736346
19,1950,30,3,0,0,7900,1,4500,1.8,50,116.70167346409944,-0.07139721142818957
20,1700,9,5,0,0,5000,2,3500,1.8,50,16.180267797358866,-0.0821039914188389
21,3050,20,2,1,0,12000,2,5000,1.8,50,18.000132544083666,-0.08191015318780064
22,1500,30,3,0,0,10000,1,5000,1.9,50,118.703243743341,-0.07118401929788143
23,1500,10,5,0,0,12000,2,2000,1.9,50,18.251251293918024,-0.08188340591752352
24,1000,30,5,0,0,10000,1,5000,1.43,50,113.52902748484904,-0.07173513768641032
25,3000,16,4,0,0,10000,2,3000,1.33,50,13.75663649070286,-0.08236213829816971
26,1500,8,2,0,0,5600,2,3400,1.8,50,16.09571762496276,-0.08211299706383572
27,500,30,3,0,0,3100,2,31000,1.8,50,117.43390856605248,-0.07131921928227755
28,2000,14,5,0,0,20000,2,10000,1.9,50,18.84720219592259,-0.08181992973401146
29,1000,7,5,1,0,8000,2,3000,0.0,120,10.861250729406096,-0.08267053289461057
30,1000,10,5,0,0,12000,2,8000,1.9,50,18.28270372063072,-0.08188005584287274
31,3000,19,5,1,1,14000,2,9000,1.8,50,17.810421152235232,-0.08193035981066636
32,1000,30,4,1,0,20000,2,7000,1.8,50,116.57321402416078,-0.07141089395632398
33,3000,30,5,0,0,9000,2,5000,1.8,50,116.9891778118532,-0.0713665886391693
34,500,7,3,1,0,14200,1,8000,1.9,50,18.076802118417653,-0.08190198692451645
35,1500,21,5,1,1,35000,999,12000,1.9,50,20.173146213266385,-0.08167870020404762
36,550,25,3,0,1,2000,2,7000,1.9,50,22.370594369205108,-0.0814446446435385
37,500,30,2,0,0,12000,2,3500,1.8,50,116.42689564568143,-0.0714264786835428
38,3950,14,5,0,0,18000,2,10000,1.8,50,17.405860803793225,-0.08197345051970469
39,1600,30,3,0,0,9300,1,6900,1.33,50,113.30209201251223,-0.07175930913684188
40,1500,30,5,0,0,8000,2,1500,1.43,50,113.55167031372994,-0.07173272594350258
41,6000,10,5,1,1,20000,999,10000,1.53,50,16.583878014364142,-0.08206100191061633
42,1500,30,3,0,0,7000,1,4000,1.8,50,116.60047804171438,-0.07140798999934415
43,4000,24,3,0,0,10000,2,2500,1.53,50,17.692297627750076,-0.08194294143524665
44,4500,30,3,0,0,12000,1,1500,1.8,50,117.60957558407878,-0.07130050855990806
45,4000,17,5,1,0,8000,2,3000,1.8,50,17.688302548017955,-0.08194336696092899
46,1200,30,4,0,0,5000,2,1200,1.8,50,116.49515984370312,-0.07141920769738208
47,1000,22,3,0,0,8500,2,5000,1.8,50,18.236168974735477,-0.08188501237211063
48,1400,12,2,0,1,10000,2,5000,0.0,250,11.238638699526408,-0.08263033638183406
49,4000,30,6,0,0,25000,1,17000,1.8,50,117.69359281940973,-0.07129155967933737
50,1000,30,2,0,0,10000,2,1500,1.8,50,116.4667796620382,-0.07142223053972263
51,1000,30,2,0,0,9000,2,3000,1.9,50,118.57705540273945,-0.07119745992568845
52,1000,21,5,0,0,7000,999,2500,1.9,50,19.87871392107487,-0.08171006090532043
53,1800,30,3,0,0,6000,2,1000,1.8,50,116.60555083302759,-0.07140744968397382
54,2250,24,3,0,0,6000,2,4000,1.8,50,19.6300844682742,-0.08173654303450154
55,5000,30,5,1,1,13500,2,9000,1.8,50,118.14131520289683,-0.07124387167671652
56,1000,30,4,1,0,14000,1,4000,1.8,50,116.51256718560184,-0.07141735359895703
57,1000,30,3,0,0,7000,1,2000,1.33,50,113.09949006816588,-0.07178088876388158
58,3500,30,5,0,0,8000,2,4000,1.53,50,114.62896545940923,-0.07161798061107037
59,7000,20,5,0,0,5500,2,2500,1.8,50,24.334717408069526,-0.0812354411101
60,2550,30,4,0,0,6000,2,1500,1.8,50,116.79180498316988,-0.07138761130035104
61,4000,30,3,0,0,10000,1,3000,1.8,50,117.35087632880409,-0.07132806324830103
62,3000,30,2,0,0,8000,2,4000,1.8,50,116.96969730818519,-0.0713686635551088
63,3000,4,5,0,0,12000,2,3000,1.8,50,16.44410979522511,-0.08207588896439438
64,1500,22,4,0,1,25000,2,10000,1.53,50,15.914670139438613,-0.08213228087291609
65,4000,15,5,0,0,25000,2,5000,1.9,50,19.52050383195259,-0.0817482147352358
66,2000,30,5,0,0,9000,2,5000,1.8,50,116.72252047829319,-0.07139499096188238
67,1400,30,5,0,0,8000,1,3000,1.8,50,116.56303335196971,-0.07141197832453972
68,5000,30,5,0,0,9500,1,4000,1.53,50,115.51777287447023,-0.07152331156636298
69,1000,30,3,0,0,7500,2,3000,1.8,50,116.49377020478083,-0.07141935571121166
70,6000,28,3,1,0,8000,1,5000,1.8,50,30.696605231629835,-0.08055782092760996
71,1100,30,5,1,1,17000,2,2500,1.8,50,116.50117985033518,-0.07141856649179881
72,1500,30,2,0,0,1200,1,2000,1.9,50,118.64681744643083,-0.0711900294003337
73,3500,28,5,0,0,12000,2,3500,1.8,50,28.445735612123187,-0.08079756653844626
74,1200,24,4,0,0,15000,2,13000,1.53,50,17.1019216572961,-0.08200582381920747
75,3000,30,5,0,0,12000,2,1000,1.8,50,116.91521791337405,-0.07137446628827193
76,900,8,3,0,0,9000,2,8000,0.0,120,10.978244136182418,-0.0826580716416227
77,3000,15,5,0,0,15,2,10000,1.8,50,17.146333382965537,-0.08200109341802979
78,1500,30,2,0,0,11000,2,3000,1.53,50,114.0631806190725,-0.07167824373380877
79,3000,30,5,0,0,12000,1,5000,1.8,50,116.9891778118532,-0.0713665886391693
80,2500,7,2,0,1,7500,2,3500,0.0,290,11.182247376788789,-0.08263634275910195
81,1700,24,4,1,0,7000,2,3000,1.8,50,19.489827420898933,-0.0817514821545668
82,2000,30,3,0,0,9500,2,4000,1.8,50,116.70303997462518,-0.0713970658778219
83,800,15,4,0,0,7300,2,2500,1.9,50,18.58422118038959,-0.08184794048312856
84,3500,30,5,0,0,20000,2,5000,1.8,50,117.16694640489811,-0.07134765407292089
85,1000,30,3,1,0,25000,999,10000,1.9,50,118.72442363763993,-0.07118176337570266
86,4000,30,2,1,0,18000,999,25000,1.8,50,118.0125279269777,-0.07125758912346049
87,3000,3,2,0,0,9500,1,3000,1.8,50,16.540315646937554,-0.08206564184457682
88,4000,30,5,1,0,11500,2,6500,1.9,50,119.5030252149616,-0.07109883262345679
89,1800,15,2,0,0,9100,1,5000,1.8,50,16.72757555220761,-0.0820456963355233
90,4000,15,5,0,0,23000,2,10000,1.9,50,19.629594582364057,-0.08173659521344417
91,1000,10,3,0,0,12000,2,7000,1.9,50,18.26093306960658,-0.08188237468799058
92,2500,30,5,0,0,10000,1,5000,1.8,50,116.84372901828192,-0.07138208074477947
93,4000,14,5,0,0,20700,2,13000,1.8,50,17.50714589511805,-0.08196266239769272
94,3000,30,5,0,0,10000,2,2000,1.8,50,116.93275151494302,-0.07137259874162158
95,1000,14,5,0,0,11500,2,4000,1.8,50,16.444872954861165,-0.08207580767840096
96,1400,12,5,0,1,13300,2,4500,0.0,250,11.228810698150202,-0.08263138318622149
97,1000,15,5,0,0,10000,1,4000,1.8,50,16.56063200630271,-0.08206347789960916
98,2400,10,5,1,1,20000,1,13000,1.8,50,16.607876012522393,-0.08205844582532493
99,1000,22,3,0,0,8900,1,4000,1.43,50,15.213668266646653,-0.08220694629144296
100,2000,30,3,0,0,7000,2,3000,1.8,50,116.68424299380418,-0.07139906799007653
101,3500,30,2,0,0,4000,2,3500,1.9,50,119.22126943673832,-0.07112884311832125
102,1500,18,5,0,0,8000,2,6000,1.8,50,17.15990857770117,-0.08199964749094192
103,3000,12,3,0,1,13000,999,5000,1.8,50,16.733747273039757,-0.08204503897049072
104,3500,30,5,0,0,20000,2,10000,1.8,50,117.27603715530958,-0.07133603455112926
105,2000,15,3,0,0,12000,2,6000,1.9,50,18.87407249674822,-0.08181706771276022
106,4000,16,5,0,0,15500,2,4000,1.8,50,17.55154079715757,-0.08195793378844086
107,1500,30,4,1,0,10000,999,3500,1.9,50,118.6742815772226,-0.07118710412880501
108,1100,20,4,0,0,17000,2,5000,1.8,50,17.543404501609547,-0.08195880040511613
109,3750,30,2,0,0,8000,1,5000,1.8,50,117.2715150583817,-0.071336516210698
110,500,6,2,0,0,6000,2,2500,1.8,50,15.865571228411454,-0.08213751051763366
111,1700,4,3,0,0,9000,1,6500,1.8,50,16.18282552251292,-0.08210371898929696
112,3500,30,5,0,0,12000,2,7000,1.8,50,117.20811273978904,-0.07134326934622735
113,1000,30,2,0,0,7500,2,2500,1.8,50,116.48461689110185,-0.07142033065296757
114,1000,19,3,0,0,15000,2,12000,1.43,50,14.42380008020433,-0.08229107707769447
115,1500,20,5,0,0,5000,1,3000,1.9,50,19.659760111958363,-0.08173338220934295
116,4000,30,3,0,0,12500,2,2500,1.9,50,119.42500821308373,-0.07110714240453372
117,2500,30,5,0,0,15000,1,5000,1.9,50,118.92701421624054,-0.07116018495925626
118,2500,30,4,0,0,22000,2,5000,1.8,50,116.84372901828192,-0.07138208074477947
119,1400,12,3,0,0,9500,2,6500,0.0,250,11.269224903236285,-0.08262707857070718
120,1000,15,5,0,0,22000,1,4000,1.8,50,16.56063200630271,-0.08206347789960916
121,500,5,5,0,0,8700,1,2500,1.8,50,15.8677300505953,-0.0821372805762196
122,4000,14,5,0,1,15000,2,10000,1.43,50,14.42753012854309,-0.08229067978115198
123,1500,30,3,0,0,25000,999,12000,1.43,50,113.77602897887256,-0.07170882895508758
124,1500,10,4,1,1,15000,999,6000,0.0,220,11.137352794546263,-0.08264112459051044
125,2500,30,3,1,0,12500,2,3000,1.8,50,116.8054515337929,-0.07138615777297362
126,1000,30,5,0,0,8300,1,3200,1.8,50,116.49747665198294,-0.07141896092848378
127,2300,18,3,0,0,6000,2,4000,1.8,50,17.29296150670106,-0.08198547569908858
128,3500,30,5,0,0,8000,2,4000,1.8,50,117.1474659012301,-0.0713497289888604
129,1500,6,3,0,0,2400,1,1500,1.33,50,12.635703408736589,-0.08248153161358594
130,3500,30,3,0,0,7000,999,5000,1.53,50,114.64844596307724,-0.07161590569513085
131,5000,30,5,0,1,40000,2,20000,1.8,50,118.46484352037126,-0.07120941188685417
132,2000,21,3,0,0,4000,1,4000,1.8,50,18.013851806639583,-0.08190869191569798
133,5000,5,5,0,0,30000,2,20000,1.8,50,17.92414655733472,-0.08191824664050452
134,3000,17,3,0,0,5500,2,2000,1.8,50,17.27017773415689,-0.08198790245424954
135,3500,30,5,0,0,13000,1,5000,1.8,50,117.16694640489811,-0.07134765407292089
136,2000,14,5,1,0,10000,2,5600,0.0,450,11.559616723332786,-0.08259614822996797
137,1000,14,5,0,0,16000,2,4000,1.9,50,18.52815815281977,-0.08185391189287775
138,3500,15,4,0,0,15000,999,4000,1.9,50,19.27881591988958,-0.08177395750398933
139,4500,17,3,1,0,15000,2,6000,1.8,50,18.03247183031984,-0.08190670865157981
140,3500,24,2,0,0,10000,1,4000,1.8,50,20.016540955675946,-0.08169538061184016
141,1000,30,3,0,0,14000,999,8000,1.8,50,116.59498467518492,-0.07140857511120613
142,3500,30,5,0,0,8000,2,7000,1.8,50,117.20811273978904,-0.07134326934622735
143,600,28,2,0,0,8000,1,3500,1.53,50,25.23056091173785,-0.08114002263444091
144,400,30,3,0,0,6500,2,1000,1.8,50,116.3678628884071,-0.07143276640644305
145,5000,30,5,0,0,9000,999,8500,1.8,50,118.12989317785525,-0.07124508826445082
146,4250,24,5,0,0,12000,2,2000,1.8,50,20.335125238348713,-0.08166144742317819
147,1000,30,4,0,0,13000,2,3000,1.8,50,116.49377020478083,-0.07141935571121166
148,900,8,2,0,0,5000,2,1000,0.0,120,10.84134725178821,-0.08267265286253671
149,3000,24,5,0,0,15000,2,4500,1.9,50,21.931710062881443,-0.08149139128101326
150,1500,30,5,1,0,12300,2,7000,1.8,50,116.66112488027332,-0.07140153035671111
151,2000,14,4,0,0,15000,2,8000,1.8,50,16.71776323346758,-0.08204674146951493
152,1000,30,3,0,0,15000,999,5000,1.9,50,118.61533288722846,-0.0711933828974943
153,1300,30,3,0,0,9700,2,1000,1.8,50,116.50925985216006,-0.07141770587110526
154,4000,30,5,0,0,5000,2,2000,1.8,50,117.33272751638293,-0.07132999632255915
155,500,30,3,1,1,2500,2,1000,1.8,50,116.38189791332069,-0.07143127150172185
156,2500,30,5,0,0,14000,2,3000,1.33,50,113.42932020959911,-0.0717457577513854
157,1000,29,4,0,0,15000,2,5000,1.8,50,38.07215175642752,-0.0797722334855321
158,3000,30,5,0,0,18200,2,10000,1.9,50,119.18155376022328,-0.07113307333185444
159,1000,30,4,1,0,4000,1,1000,1.8,50,116.4580877907907,-0.07142315633212015
160,4000,30,5,0,1,20000,1,10000,1.8,50,117.49824456370457,-0.07131236669831525
161,1500,26,5,0,0,15000,1,7500,1.9,50,23.878807133622487,-0.08128400122494922
162,5000,14,5,0,0,16000,2,2500,1.53,50,15.422128349229556,-0.08218474269981743
163,3500,30,3,1,0,5500,1,5000,1.8,50,117.16694640489811,-0.07134765407292089
164,5000,10,5,1,0,9000,2,5000,1.8,50,17.6601876674463,-0.0819463615454033
165,1500,30,5,0,0,12000,1,5000,1.43,50,113.61693834096158,-0.07172577408679745
166,1000,30,5,0,1,13000,2,7000,1.33,50,113.19708269996698,-0.07177049393473578
167,1000,30,2,0,0,6000,2,3000,1.9,50,118.57705540273945,-0.07119745992568845
168,2000,18,4,0,1,12000,2,3500,1.9,50,19.29659154265662,-0.0817720641790711
169,2500,10,5,0,0,11000,1,11000,1.53,50,14.063242918299466,-0.08232948090005414
170,2600,30,3,0,0,9500,1,3500,1.8,50,116.84170193364027,-0.07138229665450672
171,1500,30,2,0,0,15000,1,7000,1.53,50,114.14262443845244,-0.07166978197892107
172,800,16,3,0,0,5000,2,3500,1.8,50,16.65320728131218,-0.08205361748136764
173,700,29,5,1,0,11000,2,8000,1.9,50,40.17140762894509,-0.0795486366245248
174,2500,30,5,1,1,12000,1,6000,1.8,50,116.86393101807747,-0.07137992898052839
175,1000,30,5,1,0,9000,2,5000,1.9,50,118.61533288722846,-0.0711933828974943
176,800,25,3,0,0,7150,1,3000,1.8,50,20.245150701000316,-0.08167103083051079
177,3500,30,5,0,0,40000,2,15000,1.53,50,114.89086969126565,-0.0715900845528079
178,1000,15,2,0,1,7500,2,2000,1.43,50,13.520666008639736,-0.08238727208951474
179,500,30,2,0,0,7000,1,4000,1.8,50,116.43637730813182,-0.07142546876855872
180,2050,17,5,0,0,15000,2,10000,1.53,50,14.661741203070914,-0.082265733388593
181,3000,15,5,0,0,10500,1,3500,1.9,50,19.091565664394274,-0.0817939019852218
182,3500,14,5,0,0,25000,1,8000,1.8,50,17.162189160072504,-0.08199940458055344
183,2000,21,2,1,0,7000,2,3000,1.53,50,15.476554383997698,-0.08217894565016258
184,1000,30,2,0,0,3100,2,1480,1.8,50,116.46642913546117,-0.07142226787516294
185,500,3,5,0,0,4200,2,3000,1.53,50,13.488495205063316,-0.0823906986802367
186,4000,10,5,0,0,20000,999,15000,1.8,50,17.23601138896872,-0.08199154159497372
187,1000,30,2,0,0,10000,2,6000,1.8,50,116.55224968906539,-0.07141312691876643
188,1000,30,3,0,0,7500,1,2000,1.8,50,116.47562139235967,-0.07142128878546979
189,3600,4,5,0,0,7600,2,2000,1.53,50,14.125630756453855,-0.08232283581930959
190,2500,30,4,0,0,5500,1,2000,1.8,50,116.78730272137174,-0.07138809084723176
191,1000,7,3,0,0,8000,999,5000,1.33,50,12.630638487820207,-0.08248207109066112
192,1000,30,2,0,0,8700,1,1000,1.9,50,118.54137298874932,-0.07120126054659694
193,5000,30,4,0,0,10000,2,2000,1.8,50,117.99932752304893,-0.07125899513066578
194,2000,14,5,0,0,19000,1,5000,1.8,50,16.654826247552514,-0.0820534450413263
195,900,5,3,0,0,6500,1,4500,1.8,50,15.96542630814265,-0.08212687470964292
196,3500,25,5,0,0,10000,1,3000,1.43,50,17.90877494157951,-0.0819198839087749
197,5000,30,3,0,0,8000,2,3800,1.8,50,118.03246040587642,-0.07125546606653721
198,1500,20,5,0,0,1200,1,5000,1.8,50,17.614752398488772,-0.08195120096667201
199,800,20,5,0,0,14700,1,12000,1.8,50,17.654186450915457,-0.08194700074960708
200,1500,21,5,0,0,8000,2,3000,1.9,50,19.975778090866392,-0.08169972236395166
201,1000,5,3,0,0,12000,2,5000,1.43,50,12.988330521812507,-0.08244397244006067
202,1400,30,3,1,1,6500,2,2500,1.8,50,116.55388003829073,-0.07141295326629563
203,2900,10,3,0,0,7000,2,7000,1.53,50,14.084906378194013,-0.08232717347212484
204,1000,30,2,0,0,4000,1,4000,1.43,50,113.50954698118103,-0.07173721260234983
205,1500,20,5,0,0,7000,2,5000,1.9,50,19.698037596447378,-0.08172930518114879
206,1500,6,5,0,0,25000,1,10000,1.53,50,13.667693068752609,-0.08237161187888738
207,700,5,4,1,0,35000,1,9000,1.8,50,16.029945797814932,-0.0821200025814982
208,1000,30,3,0,0,8000,2,2000,1.9,50,118.55890659031829,-0.07119939299994657
209,3900,30,5,0,0,10000,2,5000,1.8,50,117.34037689453106,-0.07132918156864329
210,2400,10,5,1,0,10000,2,3000,1.8,50,16.383912215467753,-0.08208230075537719
211,2500,30,4,1,0,12000,2,5000,1.9,50,118.92701421624054,-0.07116018495925626
212,2000,21,5,1,1,10000,2,2000,1.8,50,17.97690601339742,-0.08191262710221074
213,3000,14,2,0,0,10000,2,2000,1.8,50,16.865057284202344,-0.0820310528210655
214,1700,11,5,0,0,15000,1,12000,0.0,270,11.379965025263163,-0.0826152833703236
215,600,30,4,0,0,6000,2,4000,1.8,50,116.45079164266565,-0.0714239334626451
216,3000,3,5,0,0,6000,2,2000,1.53,50,14.003666392695521,-0.0823358265410449
217,2750,30,3,0,0,7000,999,3000,1.33,50,113.49858173774936,-0.07173838053716122
218,1000,21,4,0,1,11000,2,7000,1.8,50,17.88402585617518,-0.08192251999420005
219,1500,30,1,0,0,7500,2,6509,1.8,50,116.65073344337114,-0.07140263717399008
220,3550,30,4,0,0,8000,2,2500,1.53,50,114.62098901601597,-0.0716188302015029
221,1500,30,3,0,0,8600,2,2000,1.9,50,118.64681744643083,-0.0711900294003337
222,3500,30,5,0,1,9000,999,3500,1.8,50,117.13798423877971,-0.07135073890384447
223,2250,7,5,0,0,12800,1,12800,1.8,50,16.435489063618874,-0.08207680717953528
224,4000,17,6,0,0,20000,2,7000,1.8,50,17.7677463673979,-0.08193490520604131
225,3000,30,5,0,0,10400,1,5000,1.8,50,116.9891778118532,-0.0713665886391693
226,600,16,3,1,0,9800,2,2000,1.43,50,13.59269313253515,-0.08237960030494515
227,1800,30,4,0,0,6000,2,2000,1.53,50,114.10458399277569,-0.07167383375953343
228,1000,30,4,0,0,10000,2,3000,1.8,50,116.49377020478083,-0.07141935571121166
229,3000,25,2,0,0,9500,1,3800,1.8,50,20.749010623361723,-0.08161736348176006
230,3500,30,3,0,1,11000,1,6500,1.9,50,119.2808178065666,-0.07112250047627079
231,1000,16,2,0,0,7900,2,3700,1.53,50,14.1702250243684,-0.08231808597511234
232,5700,30,6,0,0,9000,1,2500,1.8,50,118.81979109320189,-0.0711716055555031
233,3200,20,3,0,0,3000,2,1800,1.53,50,15.472153503960016,-0.08217941439862482
234,3050,30,4,0,0,5000,2,1200,1.8,50,116.93483780257489,-0.07137237652603949
235,8000,28,5,0,0,12000,1,6000,1.8,50,26695.38377382917,2.75956301841044
236,2400,30,4,0,0,14000,2,4000,1.8,50,116.79827534880157,-0.07138692212593273
237,1500,11,3,0,0,6000,1,3000,1.8,50,16.250767195422334,-0.0820964823560723
238,500,3,3,1,0,10000,2,1500,1.8,50,15.980005104141574,-0.08212532188653769
239,800,30,5,0,0,3000,2,1500,1.8,50,116.43503393266647,-0.07142561185475471
240,600,30,4,0,0,8000,2,2500,1.9,50,118.50612654612428,-0.07120501473113243
241,1400,12,5,0,0,5000,2,100,0.0,250,11.149399099009504,-0.08263984150925295
242,3000,20,5,0,0,50000,1,2000,1.43,50,14.924525163628584,-0.08223774362828176
243,8000,30,5,1,0,7000,1,7000,1.8,50,26784.09698679091,2.7690120790074833
244,1500,7,5,0,0,13000,2,6000,1.8,50,16.11488266792209,-0.08211095574838538
245,500,17,3,0,0,10000,1,8000,1.9,50,18.939506214887373,-0.08181009820791257
246,500,30,3,0,0,8000,2,2000,1.33,50,113.02330019069586,-0.07178900393348327
247,1950,30,5,0,0,13000,1,7000,1.53,50,114.2341673585457,-0.07166003151931857
248,2500,30,5,0,0,16000,2,8000,1.8,50,116.90666600419699,-0.0713753771729681
249,7500,25,2,0,0,8500,999,3500,1.8,50,35.13492290974374,-0.08008508489101177
250,800,30,4,0,0,9000,2,2500,1.8,50,116.45287116173012,-0.07142371196799964
251,1000,30,2,0,0,10000,1,4000,1.9,50,118.59585238356046,-0.07119545781343381
252,3000,21,3,0,1,13000,999,5000,1.8,50,18.2999896438676,-0.08187821467704537
253,2500,30,3,0,0,10000,2,7000,1.8,50,116.88489535317285,-0.07137769601808594
254,3500,30,3,0,0,6000,2,500,1.9,50,119.16772591426324,-0.0711345461694402
255,900,8,4,0,0,8000,2,4000,0.0,120,10.89582664659934,-0.08266685012937358
256,500,15,3,0,0,7700,2,5500,1.9,50,18.597216161143365,-0.08184655635604647
257,1000,26,3,1,0,8000,2,2000,1.9,50,23.68252198937116,-0.08130490803421031
258,4000,30,6,0,0,32000,1,15000,1.8,50,117.63157754148152,-0.07129816507778391
259,1000,12,2,0,0,9100,2,5600,1.9,50,18.371934422314176,-0.0818705516632903
260,1000,30,5,1,0,12000,1,5000,1.43,50,113.52902748484904,-0.07173513768641032
261,1000,7,6,1,0,17800,2,7900,0.0,120,10.960250527273796,-0.08265998818477631
262,1000,30,2,0,0,6000,1,6000,1.8,50,116.55224968906539,-0.07141312691876643
263,1000,7,5,1,0,9000,1,3000,1.9,50,18.05177752548358,-0.08190465235492028
264,1000,5,4,0,0,12000,2,8500,1.9,50,18.148775282088074,-0.08189432088738197
265,1000,30,4,1,0,15000,1,7000,1.8,50,116.57321402416078,-0.07141089395632398
266,800,30,5,0,0,4200,1,1500,1.8,50,116.43503393266647,-0.07142561185475471
267,550,30,2,1,0,15000,2,4000,1.8,50,116.44353610709634,-0.07142470626742772
268,1000,16,6,1,0,17800,2,7900,1.8,50,16.774637490181004,-0.08204068365377187
269,1000,7,5,1,0,12000,2,5000,0.0,120,10.899528213895117,-0.08266645586641642
270,1500,30,4,0,0,6000,2,2000,1.9,50,118.64681744643083,-0.0711900294003337
271,1500,15,4,0,1,9000,999,4000,1.9,50,18.731828060373864,-0.08183221851447307
272,1000,16,4,0,0,8000,2,3000,1.9,50,18.75892289027191,-0.08182933257808292
273,2500,17,5,1,1,16000,2,7000,1.8,50,17.22232157238672,-0.0819929997307139
274,5000,30,5,0,0,15000,2,8000,1.8,50,118.11869080587418,-0.07124628145640212
275,1500,30,5,0,0,6500,999,4000,1.8,50,116.60047804171438,-0.07140798999934415
276,1000,30,5,0,0,30000,2,5000,1.9,50,118.61533288722846,-0.0711933828974943
277,500,30,5,1,1,10000,1,4000,1.9,50,118.51966250609044,-0.0712035729830355
278,800,10,3,0,0,12000,1,5000,1.9,50,18.188021005343913,-0.08189014072971618
279,3500,26,4,0,1,12000,2,3500,1.8,50,22.261599637832582,-0.08145625393810821
280,1000,15,5,0,0,8000,1,5000,1.9,50,18.663397707929335,-0.08183950719814644
281,1000,30,3,0,0,8000,2,4000,1.8,50,116.51256718560184,-0.07141735359895703
282,1500,30,5,0,1,20000,2,5000,1.8,50,116.61995854538239,-0.07140591508340464
283,1000,27,3,0,0,7500,2,4000,1.8,50,23.790590815721867,-0.08129339736004185
284,5000,18,5,0,0,160000,2,7600,1.8,50,18.62963086565316,-0.08184310378684145
285,650,26,4,0,0,12000,2,3500,1.9,50,23.655564823536686,-0.08130777930766542
286,3500,30,5,0,0,17000,2,10000,1.8,50,117.27603715530958,-0.07133603455112926
287,800,3,3,0,0,12000,1,12000,1.9,50,18.332093115341074,-0.08187479525802986
288,1000,30,4,0,0,8000,1,4500,1.8,50,116.52221968789364,-0.07141632548740494
289,2500,21,4,0,0,12000,2,3000,1.9,50,20.199548563765923,-0.08167588802532649
290,700,4,2,0,0,7000,2,4000,0.0,30,10.851568743987789,-0.08267156414648234
291,2500,25,3,0,0,6000,2,3500,1.8,50,20.59789307775475,-0.08163345937997009
292,500,7,3,0,0,5300,2,2000,1.8,50,15.8741536376338,-0.08213659638430332
293,700,25,5,0,0,11500,1,4000,1.8,50,20.24872709983695,-0.08167064989955136
294,3500,30,5,0,0,17500,2,4000,1.8,50,117.1474659012301,-0.0713497289888604
295,3500,30,4,0,0,9500,1,2000,1.9,50,119.19380530594655,-0.07113176838984996
296,1500,30,3,0,0,12000,2,3000,1.9,50,118.66496625885199,-0.07118809632607558
297,1500,11,2,0,0,10200,999,2300,1.8,50,16.237996974200787,-0.08209784254346864
298,1550,8,3,0,0,6000,999,2000,1.8,50,16.079670402504764,-0.08211470629262314
299,2000,10,1,0,0,9000,2,2500,1.8,50,16.279523527612387,-0.08209341944902225
300,1350,14,5,0,0,16000,2,6800,1.8,50,16.56141347187104,-0.08206339466380626
301,1000,5,5,0,0,7500,2,3500,0.0,85,10.855146961996036,-0.08267118302175852
302,1000,21,5,0,0,14000,2,7000,1.43,50,14.881005651754371,-0.08224237899759287
303,1800,29,3,0,0,10000,2,5000,1.8,50,38.219614798664416,-0.07975652683738577
304,3700,30,5,0,0,40000,1,15000,1.53,50,114.97355195025246,-0.07158127786382229
305,500,30,4,1,0,15000,1,2000,1.43,50,113.39641131046885,-0.0717492629584643
306,900,8,5,0,0,6000,2,1000,0.0,120,10.84134725178821,-0.08267265286253671
307,5000,22,5,0,0,10000,1,12000,1.8,50,19.918965743335708,-0.08170577358559673
308,1000,15,3,0,0,7700,2,5500,1.8,50,16.59012084065477,-0.08206033697196799
309,2500,28,5,0,0,10000,1,4000,1.8,50,28.131999887957388,-0.08083098329532078
310,1000,30,4,0,0,9000,2,7000,1.9,50,118.6564992221194,-0.07118899817080077
311,1000,28,5,1,0,9000,2,4000,1.8,50,27.820318558945313,-0.0808641812335588
312,500,30,3,0,0,9600,1,3000,1.8,50,116.41758032731082,-0.07142747088081336
313,2400,5,3,1,0,6000,2,1000,1.8,50,16.203098990953904,-0.0821015596127462
314,900,20,3,0,0,10000,1,4000,1.8,50,17.491264621993757,-0.08196435395081202
315,1550,30,5,0,0,14000,2,4000,1.53,50,114.09151827809522,-0.0716752254206585
316,1000,5,3,0,0,7500,2,4500,1.8,50,15.98152272485711,-0.0821251602410553
317,4500,30,3,0,0,12000,1,1500,1.8,50,117.60957558407878,-0.07130050855990806
318,3500,11,5,0,0,10000,1,6000,1.8,50,16.856234539222623,-0.08203199255314331
319,1500,29,3,0,0,10000,2,2000,1.43,50,35.100616111209085,-0.08008873899176432
320,1000,30,3,0,0,7000,2,2500,1.8,50,116.48461689110185,-0.07142033065296757
321,1500,10,3,0,0,6000,2,4000,0.0,220,11.0976702910827,-0.08264535127070104
322,400,18,3,1,0,9000,1,5000,1.8,50,16.961570819409477,-0.08202077292912877
323,1000,15,5,0,0,30000,1,7500,1.9,50,18.715345699157943,-0.08183397409095049
324,5000,8,5,0,0,11500,2,3500,1.8,50,17.53338912967154,-0.08195986716679893
325,500,30,2,0,0,18000,1,8000,1.8,50,116.5187947977149,-0.07141669028080783
326,1500,30,5,0,0,5000,2,5000,1.53,50,114.10145810356151,-0.0716741667056146
327,2000,27,3,0,0,11000,2,12000,1.53,50,21.64113430450331,-0.0815223412134673
328,1000,15,2,0,0,9100,2,5600,1.8,50,16.59214458386987,-0.08206012141814423
329,2000,14,4,0,0,12500,2,3500,0.0,450,11.518622483315236,-0.08260051462641697
330,1000,30,2,1,0,12000,2,4000,1.9,50,118.59585238356046,-0.07119545781343381
331,1500,10,4,0,0,12000,1,4000,0.0,220,11.0976702910827,-0.08264535127070104
332,1000,30,3,1,1,10000,2,4500,1.8,50,116.52221968789364,-0.07141632548740494
333,2000,30,5,0,0,8500,1,5000,1.53,50,114.20402003647231,-0.07166324258409235
334,1800,14,3,0,1,10000,2,2500,1.8,50,16.56438570259807,-0.08206307808426516
335,1350,30,4,0,0,6000,2,2000,1.53,50,114.01727054628513,-0.07168313372759097
336,3000,30,4,0,0,12500,2,4500,1.8,50,116.97934981047699,-0.07136763544355673
337,2000,30,5,0,0,8000,1,3000,1.9,50,118.76752819176279,-0.07117717220455332
338,2500,30,3,0,0,5500,1,1500,1.43,50,113.77544078662947,-0.07170889160487741
339,1000,17,2,0,0,12000,1,3000,1.8,50,16.831196423994697,-0.08203465942383963
340,2500,16,5,1,1,12000,2,7500,1.9,50,19.160829695001617,-0.08178652450445478
341,3000,20,4,0,0,25000,2,5000,1.53,50,15.465471223138692,-0.08218012614464662
342,1100,15,3,0,0,13000,2,12000,1.9,50,18.839051305073625,-0.0818207979052678
343,600,30,2,1,0,9000,1,3000,1.8,50,116.43199466184464,-0.07142593557489973
344,700,30,2,0,0,8000,2,2000,1.53,50,113.9101546391827,-0.07169454290400705
345,1500,9,5,0,0,13000,2,6000,1.8,50,16.190360657713107,-0.08210291640367598
346,800,30,3,0,0,7300,1,4000,1.9,50,118.56410665418872,-0.07119883912846588
347,1000,30,5,0,0,11000,1,2000,1.8,50,116.47562139235967,-0.07142128878546979
348,500,14,5,0,0,11000,2,4500,1.8,50,16.37833557968295,-0.08208289473645057
349,4000,30,4,0,0,9760,2,2000,1.9,50,119.41601271434155,-0.07110810053703595
350,900,30,3,0,0,6000,999,2500,1.8,50,116.46852047438739,-0.07142204512155519
351,1550,30,3,0,0,11000,2,4500,1.9,50,118.70295642016652,-0.07118404990137324
352,3000,30,6,0,0,16000,2,4000,1.8,50,116.96969730818519,-0.0713686635551088
353,800,6,3,0,0,9000,2,3000,0.95,50,11.669889348448244,-0.08258440282382018
354,2500,30,2,1,0,11000,1,4000,1.8,50,116.82424851461391,-0.07138415566071898
355,1000,30,2,0,0,8700,1,1000,1.8,50,116.4580877907907,-0.07142315633212015
356,3500,30,5,1,0,10000,1,6500,1.53,50,114.67903216678711,-0.07161264788400397
357,1000,30,2,0,0,8000,2,4500,1.9,50,118.60550488585226,-0.07119442970188172
358,3500,30,3,0,1,10000,2,5000,1.43,50,114.1639262004773,-0.07166751307631371
359,1000,30,3,0,0,10000,1,5000,1.53,50,114.01354724744897,-0.07168353030522748
360,3000,30,5,0,0,8800,1,2000,1.8,50,116.93275151494302,-0.07137259874162158
361,3000,30,4,0,1,5200,2,2300,1.8,50,116.93813010614264,-0.07137202585475978
362,1000,18,1,0,0,6000,2,4000,1.9,50,19.115600416083673,-0.08179134198522217
363,2000,14,5,0,0,15000,2,5000,1.8,50,16.654826247552514,-0.0820534450413263
364,1500,30,3,0,0,10000,1,5000,1.8,50,116.61995854538239,-0.07140591508340464
365,2500,30,3,1,0,7000,2,2000,1.8,50,116.78730272137174,-0.07138809084723176
366,300,12,5,1,1,19000,1,5000,1.8,50,16.17272175505835,-0.08210479516620171
367,4000,30,5,0,0,13000,2,5000,1.9,50,119.47243901125172,-0.07110209043458367
368,4000,19,4,0,0,5000,1,2000,1.8,50,18.06840947382725,-0.0819028808455532
369,1500,20,5,0,0,8000,1,2000,1.9,50,19.641611299537203,-0.08173531528360108
370,3000,14,3,1,1,15000,2,8000,1.53,50,14.465920125206704,-0.0822865907690118
371,3000,15,6,0,0,9000,2,2000,1.53,50,14.462315893823014,-0.08228697466448368
372,1000,15,3,0,0,15000,2,9500,1.9,50,18.760607293278703,-0.08182915316821207
373,2500,7,2,0,0,15000,1,7000,0.0,290,11.252375877798116,-0.08262887320148483
374,3000,16,5,0,0,55000,1,40000,1.8,50,19.08011625005094,-0.08179512149025737
375,1200,30,2,0,0,6500,2,4000,1.8,50,116.5461802284375,-0.07141377339181537
376,2500,30,3,0,0,8000,2,1500,1.8,50,116.77846099105028,-0.07138903260148459
377,1000,30,5,0,0,10000,1,6000,1.8,50,116.55224968906539,-0.07141312691876643
378,1700,12,3,0,0,10000,1,5000,1.8,50,16.403599312128673,-0.08208020383471432
379,1000,30,3,0,0,11000,1,8000,1.43,50,113.59196447076411,-0.07172843411459895
380,900,20,3,0,0,3500,2,1500,1.71,50,16.297565336219378,-0.08209149777200125
381,1150,30,5,1,0,16800,1,5000,1.8,50,116.55707346644698,-0.07141261312647706
382,2000,30,3,0,0,11000,1,3000,1.9,50,118.76752819176279,-0.07117717220455332
383,500,14,3,0,0,8200,2,3000,1.9,50,18.433171294528748,-0.08186402917473407
384,1000,15,5,0,0,15000,2,5000,1.43,50,13.577092305549911,-0.08238126198706247
385,3500,20,5,0,0,19800,2,8000,1.9,50,20.30796244187816,-0.08166434059885366
386,3500,30,3,0,0,7500,2,3000,1.8,50,117.1286689204091,-0.07135173110111505
387,1000,16,2,0,0,6000,2,1500,1.9,50,18.731932347529295,-0.08183220740659389
388,1000,14,4,0,0,11200,1,1200,1.9,50,18.4771377680854,-0.08185934619844445
389,1000,3,5,0,0,4500,2,1000,1.9,50,18.1307883083227,-0.0818962367238103
390,1500,30,2,0,0,15000,1,12000,1.8,50,116.77904918329337,-0.07138896995169476
391,2000,30,3,0,0,21000,1,16000,1.8,50,116.99524713118322,-0.07136594218117034
392,1800,26,4,0,0,3500,1,3500,1.53,50,19.255663522620335,-0.08177642352226845
393,3000,30,3,0,0,8000,2,2000,1.8,50,116.93275151494302,-0.07137259874162158
394,1000,30,2,0,0,8000,2,3000,1.33,50,113.11763888058704,-0.07177895568962346
395,1000,15,5,0,0,14000,2,3500,1.53,50,14.03264990203144,-0.08233273943680319
396,2500,17,4,0,1,10000,2,3000,1.8,50,17.142877753006776,-0.08200146148560158
397,1000,30,4,0,0,9000,2,7564,1.8,50,116.58539057622166,-0.0714095970020773
398,1500,29,5,0,0,15000,2,4000,1.8,50,38.14058210887206,-0.07976494480185874
399,3000,30,2,0,0,3000,2,1000,1.8,50,116.91521791337405,-0.07137446628827193
400,1500,16,4,0,0,10000,2,5000,1.8,50,16.80182603291487,-0.08203778773579912
401,5000,5,5,1,1,16000,2,10000,1.53,50,15.105647165513165,-0.08221845188228218
402,550,30,4,0,0,4500,2,2000,1.8,50,116.40659031385417,-0.07142864145394048
403,4000,15,5,0,0,10200,2,7000,1.8,50,17.478384968884907,-0.08196572579406548
404,3000,30,5,0,0,8000,1,4000,1.8,50,116.96969730818519,-0.0713686635551088
405,1500,30,2,0,0,10000,2,5000,1.43,50,113.61693834096158,-0.07172577408679745
406,3500,30,5,0,0,15000,2,8000,1.9,50,119.3131685887718,-0.0711190547155863
407,1000,30,2,0,0,2000,1,10000,1.53,50,114.12263799786044,-0.07167191078343584
408,1000,3,4,0,1,8000,2,6500,1.9,50,18.23533441051172,-0.08188510126358077
409,1800,30,3,0,0,10000,2,5000,1.8,50,116.67951073150674,-0.07139957203487118
410,1500,30,3,0,0,9500,1,4000,1.43,50,113.59745783729358,-0.07172784900273697
411,3000,30,5,0,0,15000,2,5500,1.8,50,116.99918614253724,-0.07136552262746763
412,1000,28,3,0,0,5000,2,1000,1.9,50,29.849124362092788,-0.08064808818119873
413,1000,30,2,0,0,1000,999,3000,1.8,50,116.49377020478083,-0.07141935571121166
414,3050,8,5,0,0,37000,2,3000,1.8,50,16.473658682319105,-0.08207274164038926
415,3000,26,3,0,0,3500,1,3500,1.8,50,22.083831044787665,-0.0814751885043566
416,500,30,3,0,0,3100,2,31000,1.8,50,117.43390856605248,-0.07131921928227755
417,2000,13,5,0,0,1100,2,2000,1.8,50,16.4979168703242,-0.08207015784164293
418,1000,30,3,0,0,7000,1,3000,1.9,50,118.57705540273945,-0.07119745992568845
419,1500,15,5,0,0,18000,1,10000,1.9,50,18.860399314453346,-0.08181852407674192
420,2500,30,2,0,0,9000,999,4000,1.9,50,118.90753371257253,-0.07116225987519577
421,1000,15,3,0,0,10000,2,7000,1.9,50,18.70456404282026,-0.0818351224714529
422,3500,30,3,0,1,11000,1,6500,1.9,50,119.2808178065666,-0.07112250047627079
423,3500,30,5,0,0,15700,2,3000,1.9,50,119.21195411836771,-0.07112983531559182
424,600,7,3,0,0,5880,2,4500,1.9,50,18.018451465660206,-0.08190820199480163
425,1000,17,2,0,0,9720,1,4500,1.8,50,16.859645907107513,-0.0820316292000329
426,800,11,4,0,0,8000,2,3000,1.8,50,16.131110609938048,-0.08210922727071725
427,1400,20,3,0,0,8500,1,4000,1.8,50,17.576624185897085,-0.08195526209555244
428,4000,30,5,0,0,7300,2,2500,1.53,50,114.82322257330424,-0.07159728981226691
429,4000,10,3,0,0,13000,2,6000,1.9,50,19.097074858534462,-0.08179331518752239
430,2500,30,5,0,0,13000,2,8000,1.9,50,118.98995120215561,-0.07115348138744489
431,5000,30,5,1,0,10000,999,3000,1.53,50,115.49897589364922,-0.0715253136786176
432,6000,30,4,0,0,10000,2,7000,1.8,50,119.43002019317728,-0.07110660856631466
433,8000,15,6,0,0,18300,1,9300,1.53,50,26681.677907569745,2.758103173179988
434,1000,9,3,0,0,8000,2,4000,1.8,50,16.062767298136997,-0.08211650668347945
435,1000,5,2,0,0,10000,1,6000,1.8,50,16.011552726028867,-0.08212196167241678
436,3300,30,5,0,0,8000,2,5000,1.8,50,117.09130048478217,-0.07135571130429862
437,1000,30,5,0,0,12000,1,7000,1.8,50,116.57321402416078,-0.07141089395632398
438,1000,30,2,0,0,20000,2,5000,1.9,50,118.61533288722846,-0.0711933828974943
439,1000,29,4,0,0,7000,1,4000,1.9,50,40.135956450718126,-0.07955241261594839
440,1500,30,3,0,0,9000,2,3000,1.9,50,118.66496625885199,-0.07118809632607558
441,3500,26,4,0,0,16000,2,6000,1.8,50,22.310763803746536,-0.08145101734293354
442,650,17,3,0,0,10500,2,5000,1.8,50,16.815052611857478,-0.08203637894062929
443,1800,30,4,0,0,9000,2,2500,1.8,50,116.63207993333874,-0.07140462400482123
444,2500,30,5,0,0,7000,2,3000,1.9,50,118.88873673175152,-0.07116426198745042
445,1000,3,5,0,0,34000,1,10000,1.8,50,16.230553759254704,-0.08209863533843924
446,1000,30,5,0,0,9000,2,1900,1.53,50,113.95534043003778,-0.07168973005525926
447,1050,15,3,0,0,6000,2,3000,1.9,50,18.633342126638567,-0.08184270849138578
448,500,30,5,0,0,7000,2,4000,1.8,50,116.43637730813182,-0.07142546876855872
449,5000,17,5,0,0,8000,2,5000,1.8,50,18.39318003917298,-0.08186828874084144
450,1000,30,5,0,0,25000,2,6000,1.9,50,118.63553488702401,-0.07119123113324322
451,600,30,3,1,0,10000,2,4000,1.8,50,116.45079164266565,-0.0714239334626451
452,3500,29,3,0,0,8000,2,6000,1.8,50,38.72725247185134,-0.0797024571111844
453,1500,20,4,1,0,15000,2,5000,1.8,50,17.614752398488772,-0.08195120096667201
454,3800,30,5,0,1,9000,2,5000,1.8,50,117.29392252029022,-0.07133412953730031
455,1000,18,2,0,0,9100,2,5600,1.8,50,17.063827795692223,-0.08200988128928045
456,1600,30,5,0,0,18000,2,4000,1.9,50,118.70299366218585,-0.07118404593463497
457,1050,14,3,0,0,8000,2,8000,1.33,50,13.15938102344871,-0.08242575343410705
458,1500,3,3,0,0,9200,2,2000,1.9,50,18.236232766004207,-0.08188500557754706
459,4000,30,5,0,0,8500,2,5000,1.8,50,117.3891538132931,-0.07132398622010688
460,3500,26,5,0,0,7000,2,4000,1.33,50,18.894949976089187,-0.08181484400153592
461,2000,7,5,0,1,14000,2,4000,1.53,50,13.659261655548445,-0.08237250992926369
462,1500,30,3,0,1,7500,2,8000,1.8,50,116.68289553129746,-0.07139921151159326
463,4000,30,5,0,0,38000,1,10000,1.8,50,117.49824456370457,-0.07131236669831525
464,2000,30,5,0,0,9000,1,1500,1.8,50,116.65725245106155,-0.0714019428185875
465,3000,30,5,0,0,10000,1,10000,1.53,50,114.57976812044379,-0.07162322073958763
466,1000,30,2,0,1,9000,1,3500,1.9,50,118.58637072111006,-0.07119646772841788
467,800,15,5,0,0,14000,2,8000,1.8,50,16.611303766514045,-0.08205808072689035
468,1600,7,5,1,0,85000,1,60000,1.8,50,200017.02299813257,21.220473373619605
469,1000,8,4,0,0,10000,1,3500,1.53,50,13.491182557161405,-0.0823904124438129
470,1500,30,5,0,0,4500,1,1800,1.8,50,116.5599773260658,-0.0714123038293094
471,2500,30,3,0,0,6900,1,1000,1.8,50,116.76976911980277,-0.07138995839388212
472,1400,12,4,0,0,3500,1,1700,0.0,250,11.17688916541514,-0.08263691347525878
473,500,30,2,1,0,15000,2,4000,1.8,50,116.43637730813182,-0.07142546876855872
474,8000,21,5,0,0,9000,2,6000,1.8,50,26685.386834287834,2.758498220007165
475,8000,30,5,0,0,5000,2,1500,1.8,50,26783.99055242879,2.7690007424240846
476,8000,3,4,0,1,15000,1,4000,1.8,50,26683.62575527193,2.758310643187637
477,4000,30,5,0,0,12000,2,3000,1.9,50,119.43416152676271,-0.07110616746277781
478,3000,30,5,0,0,15000,2,1000,1.53,50,114.39671747155317,-0.07164271791048189
479,1000,24,3,0,0,10000,1,6000,1.9,50,21.50460994146986,-0.08153688275622296
480,1000,19,3,0,0,7500,2,2300,1.9,50,19.29996713896221,-0.08177170463607883
481,1500,30,4,0,0,6000,2,3500,1.8,50,116.59099637926398,-0.07140899991432823
482,2500,14,5,0,0,7500,1,2500,1.9,50,18.811889187331865,-0.08182369100865024
483,3000,30,5,0,0,8000,2,3000,1.62,50,115.01134444878262,-0.07157725249266501
484,1500,30,3,0,0,8000,2,3000,1.8,50,116.58168106089337,-0.07140999211159879
485,4000,8,3,0,1,5000,2,3000,1.8,50,16.857473804634925,-0.0820318605559629
486,1500,30,2,0,0,7000,2,1000,1.8,50,116.54599864690324,-0.07141379273250728
487,500,20,3,0,0,12000,1,12000,1.8,50,17.609742302817185,-0.0819517346041767
488,1500,30,3,0,0,15000,2,3000,1.8,50,116.58168106089337,-0.07140999211159879
489,3000,7,6,1,0,10000,2,8000,1.53,50,14.008336478691525,-0.08233532911879972
490,4500,30,2,0,0,12000,2,1500,1.8,50,117.60957558407878,-0.07130050855990806
491,1000,30,3,0,0,10000,1,3000,1.9,50,118.57705540273945,-0.07119745992568845
492,1000,8,4,1,0,6500,2,4500,1.9,50,18.112102361683093,-0.08189822700954358
493,2000,20,5,0,1,11800,2,3600,1.8,50,17.690235048676183,-0.08194316112557241
494,1000,15,5,0,0,12000,2,6000,1.9,50,18.68359970772488,-0.08183735543389535
495,500,3,2,0,0,15000,999,5000,1.9,50,18.128558329331824,-0.08189647424430936
496,2500,30,3,0,0,8000,2,2500,1.43,50,113.79327801569312,-0.07170699171812234
497,1050,14,4,0,0,15000,1,3500,1.8,50,16.44361319560903,-0.08207594185843022
498,1300,4,3,0,0,12000,2,10000,1.8,50,16.185519968911603,-0.08210343199724192
