,loan_amount,loan_days,education_id,has_immovables,has_movables,monthly_income,income_frequency_id,monthly_expenses,product_dpr,product_interest_min,Score,Zscore,Give_credit
0,3000,30,5,0,0,15000,2,4000,1.8,50,116.96969730818519,-0.0713686635551088,1.0
1,1000,7,4,0,0,11000,2,5000,0.0,120,10.899528213895117,-0.08266645586641642,0.0
2,1000,3,4,0,0,10000,2,5000,1.9,50,18.20474820680184,-0.08188835907470766,0.0
3,1600,30,3,0,0,8000,2,3000,1.8,50,116.60091148340622,-0.07140794383241282,1.0
4,2500,18,5,1,0,9000,2,8000,1.9,50,19.509699234678827,-0.08174936555923325,0.0
5,1000,30,3,0,0,6500,2,3000,1.8,50,116.49377020478083,-0.07141935571121166,1.0
6,1300,30,5,1,0,20000,999,7000,1.8,50,116.62438608553013,-0.07140544349530908,1.0
7,2000,14,5,0,0,14000,2,7000,1.9,50,18.779277780402047,-0.08182716452910956,0.0
8,2500,12,5,0,0,15000,1,12000,1.53,50,14.228888675558583,-0.08231183756660099,0.0
9,1000,7,6,0,0,7200,2,4000,0.0,120,10.880047710227105,-0.08266853078235593,0.0
10,2000,30,3,0,0,15000,2,2000,1.8,50,116.66609418138302,-0.07140100106433465,1.0
11,1400,3,4,0,0,25000,2,15000,1.8,50,16.43314988422052,-0.08207705633123596,0.0
12,2500,30,3,0,0,14000,2,4500,1.9,50,118.91718621486433,-0.0711612317636437,1.0
13,2000,30,4,0,0,9000,1,3000,1.43,50,113.68122278938337,-0.07171892699346935,1.0
14,1500,30,2,0,0,10000,1,3000,1.53,50,114.0631806190725,-0.07167824373380877,1.0
15,1000,30,5,0,0,2000,2,500,1.8,50,116.44954200067636,-0.07142406656506003,1.0
16,800,3,5,1,0,9000,2,5000,1.8,50,16.08971727947149,-0.08211363617526295,0.0
17,1200,9,3,0,1,30000,2,15999,1.8,50,16.38855650661219,-0.08208180608060452,0.0
18,3000,30,4,0,0,10000,1,3000,1.8,50,116.95090032736418,-0.07137066566736346,1.0
19,1950,30,3,0,0,7900,1,4500,1.8,50,116.70167346409944,-0.07139721142818957,1.0
20,1700,9,5,0,0,5000,2,3500,1.8,50,16.180267797358866,-0.0821039914188389,0.0
21,3050,20,2,1,0,12000,2,5000,1.8,50,18.000132544083666,-0.08191015318780064,0.0
22,1500,30,3,0,0,10000,1,5000,1.9,50,118.703243743341,-0.07118401929788143,1.0
23,1500,10,5,0,0,12000,2,2000,1.9,50,18.251251293918024,-0.08188340591752352,0.0
24,1000,30,5,0,0,10000,1,5000,1.43,50,113.52902748484904,-0.07173513768641032,1.0
25,3000,16,4,0,0,10000,2,3000,1.33,50,13.75663649070286,-0.08236213829816971,0.0
26,1500,8,2,0,0,5600,2,3400,1.8,50,16.09571762496276,-0.08211299706383572,0.0
27,500,30,3,0,0,3100,2,31000,1.8,50,117.43390856605248,-0.07131921928227755,1.0
28,2000,14,5,0,0,20000,2,10000,1.9,50,18.84720219592259,-0.08181992973401146,0.0
29,1000,7,5,1,0,8000,2,3000,0.0,120,10.861250729406096,-0.08267053289461057,0.0
30,1000,10,5,0,0,12000,2,8000,1.9,50,18.28270372063072,-0.08188005584287274,0.0
31,3000,19,5,1,1,14000,2,9000,1.8,50,17.810421152235232,-0.08193035981066636,0.0
32,1000,30,4,1,0,20000,2,7000,1.8,50,116.57321402416078,-0.07141089395632398,1.0
33,3000,30,5,0,0,9000,2,5000,1.8,50,116.9891778118532,-0.0713665886391693,1.0
34,500,7,3,1,0,14200,1,8000,1.9,50,18.076802118417653,-0.08190198692451645,0.0
35,1500,21,5,1,1,35000,999,12000,1.9,50,20.173146213266385,-0.08167870020404762,0.0
36,550,25,3,0,1,2000,2,7000,1.9,50,22.370594369205108,-0.0814446446435385,0.0
37,500,30,2,0,0,12000,2,3500,1.8,50,116.42689564568143,-0.0714264786835428,1.0
38,3950,14,5,0,0,18000,2,10000,1.8,50,17.405860803793225,-0.08197345051970469,0.0
39,1600,30,3,0,0,9300,1,6900,1.33,50,113.30209201251223,-0.07175930913684188,1.0
40,1500,30,5,0,0,8000,2,1500,1.43,50,113.55167031372994,-0.07173272594350258,1.0
41,6000,10,5,1,1,20000,999,10000,1.53,50,16.583878014364142,-0.08206100191061633,0.0
42,1500,30,3,0,0,7000,1,4000,1.8,50,116.60047804171438,-0.07140798999934415,1.0
43,4000,24,3,0,0,10000,2,2500,1.53,50,17.692297627750076,-0.08194294143524665,0.0
44,4500,30,3,0,0,12000,1,1500,1.8,50,117.60957558407878,-0.07130050855990806,1.0
45,4000,17,5,1,0,8000,2,3000,1.8,50,17.688302548017955,-0.08194336696092899,0.0
46,1200,30,4,0,0,5000,2,1200,1.8,50,116.49515984370312,-0.07141920769738208,1.0
47,1000,22,3,0,0,8500,2,5000,1.8,50,18.236168974735477,-0.08188501237211063,0.0
48,1400,12,2,0,1,10000,2,5000,0.0,250,11.238638699526408,-0.08263033638183406,0.0
49,4000,30,6,0,0,25000,1,17000,1.8,50,117.69359281940973,-0.07129155967933737,1.0
50,1000,30,2,0,0,10000,2,1500,1.8,50,116.4667796620382,-0.07142223053972263,1.0
51,1000,30,2,0,0,9000,2,3000,1.9,50,118.57705540273945,-0.07119745992568845,1.0
52,1000,21,5,0,0,7000,999,2500,1.9,50,19.87871392107487,-0.08171006090532043,0.0
53,1800,30,3,0,0,6000,2,1000,1.8,50,116.60555083302759,-0.07140744968397382,1.0
54,2250,24,3,0,0,6000,2,4000,1.8,50,19.6300844682742,-0.08173654303450154,0.0
55,5000,30,5,1,1,13500,2,9000,1.8,50,118.14131520289683,-0.07124387167671652,1.0
56,1000,30,4,1,0,14000,1,4000,1.8,50,116.51256718560184,-0.07141735359895703,1.0
57,1000,30,3,0,0,7000,1,2000,1.33,50,113.09949006816588,-0.07178088876388158,1.0
58,3500,30,5,0,0,8000,2,4000,1.53,50,114.62896545940923,-0.07161798061107037,1.0
59,7000,20,5,0,0,5500,2,2500,1.8,50,24.334717408069526,-0.0812354411101,0.0
60,2550,30,4,0,0,6000,2,1500,1.8,50,116.79180498316988,-0.07138761130035104,1.0
61,4000,30,3,0,0,10000,1,3000,1.8,50,117.35087632880409,-0.07132806324830103,1.0
62,3000,30,2,0,0,8000,2,4000,1.8,50,116.96969730818519,-0.0713686635551088,1.0
63,3000,4,5,0,0,12000,2,3000,1.8,50,16.44410979522511,-0.08207588896439438,0.0
64,1500,22,4,0,1,25000,2,10000,1.53,50,15.914670139438613,-0.08213228087291609,0.0
65,4000,15,5,0,0,25000,2,5000,1.9,50,19.52050383195259,-0.0817482147352358,0.0
66,2000,30,5,0,0,9000,2,5000,1.8,50,116.72252047829319,-0.07139499096188238,1.0
67,1400,30,5,0,0,8000,1,3000,1.8,50,116.56303335196971,-0.07141197832453972,1.0
68,5000,30,5,0,0,9500,1,4000,1.53,50,115.51777287447023,-0.07152331156636298,1.0
69,1000,30,3,0,0,7500,2,3000,1.8,50,116.49377020478083,-0.07141935571121166,1.0
70,6000,28,3,1,0,8000,1,5000,1.8,50,30.696605231629835,-0.08055782092760996,0.0
71,1100,30,5,1,1,17000,2,2500,1.8,50,116.50117985033518,-0.07141856649179881,1.0
72,1500,30,2,0,0,1200,1,2000,1.9,50,118.64681744643083,-0.0711900294003337,1.0
73,3500,28,5,0,0,12000,2,3500,1.8,50,28.445735612123187,-0.08079756653844626,0.0
74,1200,24,4,0,0,15000,2,13000,1.53,50,17.1019216572961,-0.08200582381920747,0.0
75,3000,30,5,0,0,12000,2,1000,1.8,50,116.91521791337405,-0.07137446628827193,1.0
76,900,8,3,0,0,9000,2,8000,0.0,120,10.978244136182418,-0.0826580716416227,0.0
77,3000,15,5,0,0,15,2,10000,1.8,50,17.146333382965537,-0.08200109341802979,0.0
78,1500,30,2,0,0,11000,2,3000,1.53,50,114.0631806190725,-0.07167824373380877,1.0
79,3000,30,5,0,0,12000,1,5000,1.8,50,116.9891778118532,-0.0713665886391693,1.0
80,2500,7,2,0,1,7500,2,3500,0.0,290,11.182247376788789,-0.08263634275910195,0.0
81,1700,24,4,1,0,7000,2,3000,1.8,50,19.489827420898933,-0.0817514821545668,0.0
82,2000,30,3,0,0,9500,2,4000,1.8,50,116.70303997462518,-0.0713970658778219,1.0
83,800,15,4,0,0,7300,2,2500,1.9,50,18.58422118038959,-0.08184794048312856,0.0
84,3500,30,5,0,0,20000,2,5000,1.8,50,117.16694640489811,-0.07134765407292089,1.0
85,1000,30,3,1,0,25000,999,10000,1.9,50,118.72442363763993,-0.07118176337570266,1.0
86,4000,30,2,1,0,18000,999,25000,1.8,50,118.0125279269777,-0.07125758912346049,1.0
87,3000,3,2,0,0,9500,1,3000,1.8,50,16.540315646937554,-0.08206564184457682,0.0
88,4000,30,5,1,0,11500,2,6500,1.9,50,119.5030252149616,-0.07109883262345679,1.0
89,1800,15,2,0,0,9100,1,5000,1.8,50,16.72757555220761,-0.0820456963355233,0.0
90,4000,15,5,0,0,23000,2,10000,1.9,50,19.629594582364057,-0.08173659521344417,0.0
91,1000,10,3,0,0,12000,2,7000,1.9,50,18.26093306960658,-0.08188237468799058,0.0
92,2500,30,5,0,0,10000,1,5000,1.8,50,116.84372901828192,-0.07138208074477947,1.0
93,4000,14,5,0,0,20700,2,13000,1.8,50,17.50714589511805,-0.08196266239769272,0.0
94,3000,30,5,0,0,10000,2,2000,1.8,50,116.93275151494302,-0.07137259874162158,1.0
95,1000,14,5,0,0,11500,2,4000,1.8,50,16.444872954861165,-0.08207580767840096,0.0
96,1400,12,5,0,1,13300,2,4500,0.0,250,11.228810698150202,-0.08263138318622149,0.0
97,1000,15,5,0,0,10000,1,4000,1.8,50,16.56063200630271,-0.08206347789960916,0.0
98,2400,10,5,1,1,20000,1,13000,1.8,50,16.607876012522393,-0.08205844582532493,0.0
99,1000,22,3,0,0,8900,1,4000,1.43,50,15.213668266646653,-0.08220694629144296,0.0
100,2000,30,3,0,0,7000,2,3000,1.8,50,116.68424299380418,-0.07139906799007653,1.0
101,3500,30,2,0,0,4000,2,3500,1.9,50,119.22126943673832,-0.07112884311832125,1.0
102,1500,18,5,0,0,8000,2,6000,1.8,50,17.15990857770117,-0.08199964749094192,0.0
103,3000,12,3,0,1,13000,999,5000,1.8,50,16.733747273039757,-0.08204503897049072,0.0
104,3500,30,5,0,0,20000,2,10000,1.8,50,117.27603715530958,-0.07133603455112926,1.0
105,2000,15,3,0,0,12000,2,6000,1.9,50,18.87407249674822,-0.08181706771276022,0.0
106,4000,16,5,0,0,15500,2,4000,1.8,50,17.55154079715757,-0.08195793378844086,0.0
107,1500,30,4,1,0,10000,999,3500,1.9,50,118.6742815772226,-0.07118710412880501,1.0
108,1100,20,4,0,0,17000,2,5000,1.8,50,17.543404501609547,-0.08195880040511613,0.0
109,3750,30,2,0,0,8000,1,5000,1.8,50,117.2715150583817,-0.071336516210698,1.0
110,500,6,2,0,0,6000,2,2500,1.8,50,15.865571228411454,-0.08213751051763366,0.0
111,1700,4,3,0,0,9000,1,6500,1.8,50,16.18282552251292,-0.08210371898929696,0.0
112,3500,30,5,0,0,12000,2,7000,1.8,50,117.20811273978904,-0.07134326934622735,1.0
113,1000,30,2,0,0,7500,2,2500,1.8,50,116.48461689110185,-0.07142033065296757,1.0
114,1000,19,3,0,0,15000,2,12000,1.43,50,14.42380008020433,-0.08229107707769447,0.0
115,1500,20,5,0,0,5000,1,3000,1.9,50,19.659760111958363,-0.08173338220934295,0.0
116,4000,30,3,0,0,12500,2,2500,1.9,50,119.42500821308373,-0.07110714240453372,1.0
117,2500,30,5,0,0,15000,1,5000,1.9,50,118.92701421624054,-0.07116018495925626,1.0
118,2500,30,4,0,0,22000,2,5000,1.8,50,116.84372901828192,-0.07138208074477947,1.0
119,1400,12,3,0,0,9500,2,6500,0.0,250,11.269224903236285,-0.08262707857070718,0.0
120,1000,15,5,0,0,22000,1,4000,1.8,50,16.56063200630271,-0.08206347789960916,0.0
121,500,5,5,0,0,8700,1,2500,1.8,50,15.8677300505953,-0.0821372805762196,0.0
122,4000,14,5,0,1,15000,2,10000,1.43,50,14.42753012854309,-0.08229067978115198,0.0
123,1500,30,3,0,0,25000,999,12000,1.43,50,113.77602897887256,-0.07170882895508758,1.0
124,1500,10,4,1,1,15000,999,6000,0.0,220,11.137352794546263,-0.08264112459051044,0.0
125,2500,30,3,1,0,12500,2,3000,1.8,50,116.8054515337929,-0.07138615777297362,1.0
126,1000,30,5,0,0,8300,1,3200,1.8,50,116.49747665198294,-0.07141896092848378,1.0
127,2300,18,3,0,0,6000,2,4000,1.8,50,17.29296150670106,-0.08198547569908858,0.0
128,3500,30,5,0,0,8000,2,4000,1.8,50,117.1474659012301,-0.0713497289888604,1.0
129,1500,6,3,0,0,2400,1,1500,1.33,50,12.635703408736589,-0.08248153161358594,0.0
130,3500,30,3,0,0,7000,999,5000,1.53,50,114.64844596307724,-0.07161590569513085,1.0
131,5000,30,5,0,1,40000,2,20000,1.8,50,118.46484352037126,-0.07120941188685417,1.0
132,2000,21,3,0,0,4000,1,4000,1.8,50,18.013851806639583,-0.08190869191569798,0.0
133,5000,5,5,0,0,30000,2,20000,1.8,50,17.92414655733472,-0.08191824664050452,0.0
134,3000,17,3,0,0,5500,2,2000,1.8,50,17.27017773415689,-0.08198790245424954,0.0
135,3500,30,5,0,0,13000,1,5000,1.8,50,117.16694640489811,-0.07134765407292089,1.0
136,2000,14,5,1,0,10000,2,5600,0.0,450,11.559616723332786,-0.08259614822996797,0.0
137,1000,14,5,0,0,16000,2,4000,1.9,50,18.52815815281977,-0.08185391189287775,0.0
138,3500,15,4,0,0,15000,999,4000,1.9,50,19.27881591988958,-0.08177395750398933,0.0
139,4500,17,3,1,0,15000,2,6000,1.8,50,18.03247183031984,-0.08190670865157981,0.0
140,3500,24,2,0,0,10000,1,4000,1.8,50,20.016540955675946,-0.08169538061184016,0.0
141,1000,30,3,0,0,14000,999,8000,1.8,50,116.59498467518492,-0.07140857511120613,1.0
142,3500,30,5,0,0,8000,2,7000,1.8,50,117.20811273978904,-0.07134326934622735,1.0
143,600,28,2,0,0,8000,1,3500,1.53,50,25.23056091173785,-0.08114002263444091,0.0
144,400,30,3,0,0,6500,2,1000,1.8,50,116.3678628884071,-0.07143276640644305,1.0
145,5000,30,5,0,0,9000,999,8500,1.8,50,118.12989317785525,-0.07124508826445082,1.0
146,4250,24,5,0,0,12000,2,2000,1.8,50,20.335125238348713,-0.08166144742317819,0.0
147,1000,30,4,0,0,13000,2,3000,1.8,50,116.49377020478083,-0.07141935571121166,1.0
148,900,8,2,0,0,5000,2,1000,0.0,120,10.84134725178821,-0.08267265286253671,0.0
149,3000,24,5,0,0,15000,2,4500,1.9,50,21.931710062881443,-0.08149139128101326,0.0
150,1500,30,5,1,0,12300,2,7000,1.8,50,116.66112488027332,-0.07140153035671111,1.0
151,2000,14,4,0,0,15000,2,8000,1.8,50,16.71776323346758,-0.08204674146951493,0.0
152,1000,30,3,0,0,15000,999,5000,1.9,50,118.61533288722846,-0.0711933828974943,1.0
153,1300,30,3,0,0,9700,2,1000,1.8,50,116.50925985216006,-0.07141770587110526,1.0
154,4000,30,5,0,0,5000,2,2000,1.8,50,117.33272751638293,-0.07132999632255915,1.0
155,500,30,3,1,1,2500,2,1000,1.8,50,116.38189791332069,-0.07143127150172185,1.0
156,2500,30,5,0,0,14000,2,3000,1.33,50,113.42932020959911,-0.0717457577513854,1.0
157,1000,29,4,0,0,15000,2,5000,1.8,50,38.07215175642752,-0.0797722334855321,0.0
158,3000,30,5,0,0,18200,2,10000,1.9,50,119.18155376022328,-0.07113307333185444,1.0
159,1000,30,4,1,0,4000,1,1000,1.8,50,116.4580877907907,-0.07142315633212015,1.0
160,4000,30,5,0,1,20000,1,10000,1.8,50,117.49824456370457,-0.07131236669831525,1.0
161,1500,26,5,0,0,15000,1,7500,1.9,50,23.878807133622487,-0.08128400122494922,0.0
162,5000,14,5,0,0,16000,2,2500,1.53,50,15.422128349229556,-0.08218474269981743,0.0
163,3500,30,3,1,0,5500,1,5000,1.8,50,117.16694640489811,-0.07134765407292089,1.0
164,5000,10,5,1,0,9000,2,5000,1.8,50,17.6601876674463,-0.0819463615454033,0.0
165,1500,30,5,0,0,12000,1,5000,1.43,50,113.61693834096158,-0.07172577408679745,1.0
166,1000,30,5,0,1,13000,2,7000,1.33,50,113.19708269996698,-0.07177049393473578,1.0
167,1000,30,2,0,0,6000,2,3000,1.9,50,118.57705540273945,-0.07119745992568845,1.0
168,2000,18,4,0,1,12000,2,3500,1.9,50,19.29659154265662,-0.0817720641790711,0.0
169,2500,10,5,0,0,11000,1,11000,1.53,50,14.063242918299466,-0.08232948090005414,0.0
170,2600,30,3,0,0,9500,1,3500,1.8,50,116.84170193364027,-0.07138229665450672,1.0
171,1500,30,2,0,0,15000,1,7000,1.53,50,114.14262443845244,-0.07166978197892107,1.0
172,800,16,3,0,0,5000,2,3500,1.8,50,16.65320728131218,-0.08205361748136764,0.0
173,700,29,5,1,0,11000,2,8000,1.9,50,40.17140762894509,-0.0795486366245248,0.0
174,2500,30,5,1,1,12000,1,6000,1.8,50,116.86393101807747,-0.07137992898052839,1.0
175,1000,30,5,1,0,9000,2,5000,1.9,50,118.61533288722846,-0.0711933828974943,1.0
176,800,25,3,0,0,7150,1,3000,1.8,50,20.245150701000316,-0.08167103083051079,0.0
177,3500,30,5,0,0,40000,2,15000,1.53,50,114.89086969126565,-0.0715900845528079,1.0
178,1000,15,2,0,1,7500,2,2000,1.43,50,13.520666008639736,-0.08238727208951474,0.0
179,500,30,2,0,0,7000,1,4000,1.8,50,116.43637730813182,-0.07142546876855872,1.0
180,2050,17,5,0,0,15000,2,10000,1.53,50,14.661741203070914,-0.082265733388593,0.0
181,3000,15,5,0,0,10500,1,3500,1.9,50,19.091565664394274,-0.0817939019852218,0.0
182,3500,14,5,0,0,25000,1,8000,1.8,50,17.162189160072504,-0.08199940458055344,0.0
183,2000,21,2,1,0,7000,2,3000,1.53,50,15.476554383997698,-0.08217894565016258,0.0
184,1000,30,2,0,0,3100,2,1480,1.8,50,116.46642913546117,-0.07142226787516294,1.0
185,500,3,5,0,0,4200,2,3000,1.53,50,13.488495205063316,-0.0823906986802367,0.0
186,4000,10,5,0,0,20000,999,15000,1.8,50,17.23601138896872,-0.08199154159497372,0.0
187,1000,30,2,0,0,10000,2,6000,1.8,50,116.55224968906539,-0.07141312691876643,1.0
188,1000,30,3,0,0,7500,1,2000,1.8,50,116.47562139235967,-0.07142128878546979,1.0
189,3600,4,5,0,0,7600,2,2000,1.53,50,14.125630756453855,-0.08232283581930959,0.0
190,2500,30,4,0,0,5500,1,2000,1.8,50,116.78730272137174,-0.07138809084723176,1.0
191,1000,7,3,0,0,8000,999,5000,1.33,50,12.630638487820207,-0.08248207109066112,0.0
192,1000,30,2,0,0,8700,1,1000,1.9,50,118.54137298874932,-0.07120126054659694,1.0
193,5000,30,4,0,0,10000,2,2000,1.8,50,117.99932752304893,-0.07125899513066578,1.0
194,2000,14,5,0,0,19000,1,5000,1.8,50,16.654826247552514,-0.0820534450413263,0.0
195,900,5,3,0,0,6500,1,4500,1.8,50,15.96542630814265,-0.08212687470964292,0.0
196,3500,25,5,0,0,10000,1,3000,1.43,50,17.90877494157951,-0.0819198839087749,0.0
197,5000,30,3,0,0,8000,2,3800,1.8,50,118.03246040587642,-0.07125546606653721,1.0
198,1500,20,5,0,0,1200,1,5000,1.8,50,17.614752398488772,-0.08195120096667201,0.0
199,800,20,5,0,0,14700,1,12000,1.8,50,17.654186450915457,-0.08194700074960708,0.0
200,1500,21,5,0,0,8000,2,3000,1.9,50,19.975778090866392,-0.08169972236395166,0.0
201,1000,5,3,0,0,12000,2,5000,1.43,50,12.988330521812507,-0.08244397244006067,0.0
202,1400,30,3,1,1,6500,2,2500,1.8,50,116.55388003829073,-0.07141295326629563,1.0
203,2900,10,3,0,0,7000,2,7000,1.53,50,14.084906378194013,-0.08232717347212484,0.0
204,1000,30,2,0,0,4000,1,4000,1.43,50,113.50954698118103,-0.07173721260234983,1.0
205,1500,20,5,0,0,7000,2,5000,1.9,50,19.698037596447378,-0.08172930518114879,0.0
206,1500,6,5,0,0,25000,1,10000,1.53,50,13.667693068752609,-0.08237161187888738,0.0
207,700,5,4,1,0,35000,1,9000,1.8,50,16.029945797814932,-0.0821200025814982,0.0
208,1000,30,3,0,0,8000,2,2000,1.9,50,118.55890659031829,-0.07119939299994657,1.0
209,3900,30,5,0,0,10000,2,5000,1.8,50,117.34037689453106,-0.07132918156864329,1.0
210,2400,10,5,1,0,10000,2,3000,1.8,50,16.383912215467753,-0.08208230075537719,0.0
211,2500,30,4,1,0,12000,2,5000,1.9,50,118.92701421624054,-0.07116018495925626,1.0
212,2000,21,5,1,1,10000,2,2000,1.8,50,17.97690601339742,-0.08191262710221074,0.0
213,3000,14,2,0,0,10000,2,2000,1.8,50,16.865057284202344,-0.0820310528210655,0.0
214,1700,11,5,0,0,15000,1,12000,0.0,270,11.379965025263163,-0.0826152833703236,0.0
215,600,30,4,0,0,6000,2,4000,1.8,50,116.45079164266565,-0.0714239334626451,1.0
216,3000,3,5,0,0,6000,2,2000,1.53,50,14.003666392695521,-0.0823358265410449,0.0
217,2750,30,3,0,0,7000,999,3000,1.33,50,113.49858173774936,-0.07173838053716122,1.0
218,1000,21,4,0,1,11000,2,7000,1.8,50,17.88402585617518,-0.08192251999420005,0.0
219,1500,30,1,0,0,7500,2,6509,1.8,50,116.65073344337114,-0.07140263717399008,1.0
220,3550,30,4,0,0,8000,2,2500,1.53,50,114.62098901601597,-0.0716188302015029,1.0
221,1500,30,3,0,0,8600,2,2000,1.9,50,118.64681744643083,-0.0711900294003337,1.0
222,3500,30,5,0,1,9000,999,3500,1.8,50,117.13798423877971,-0.07135073890384447,1.0
223,2250,7,5,0,0,12800,1,12800,1.8,50,16.435489063618874,-0.08207680717953528,0.0
224,4000,17,6,0,0,20000,2,7000,1.8,50,17.7677463673979,-0.08193490520604131,0.0
225,3000,30,5,0,0,10400,1,5000,1.8,50,116.9891778118532,-0.0713665886391693,1.0
226,600,16,3,1,0,9800,2,2000,1.43,50,13.59269313253515,-0.08237960030494515,0.0
227,1800,30,4,0,0,6000,2,2000,1.53,50,114.10458399277569,-0.07167383375953343,1.0
228,1000,30,4,0,0,10000,2,3000,1.8,50,116.49377020478083,-0.07141935571121166,1.0
229,3000,25,2,0,0,9500,1,3800,1.8,50,20.749010623361723,-0.08161736348176006,0.0
230,3500,30,3,0,1,11000,1,6500,1.9,50,119.2808178065666,-0.07112250047627079,1.0
231,1000,16,2,0,0,7900,2,3700,1.53,50,14.1702250243684,-0.08231808597511234,0.0
232,5700,30,6,0,0,9000,1,2500,1.8,50,118.81979109320189,-0.0711716055555031,1.0
233,3200,20,3,0,0,3000,2,1800,1.53,50,15.472153503960016,-0.08217941439862482,0.0
234,3050,30,4,0,0,5000,2,1200,1.8,50,116.93483780257489,-0.07137237652603949,1.0
236,2400,30,4,0,0,14000,2,4000,1.8,50,116.79827534880157,-0.07138692212593273,1.0
237,1500,11,3,0,0,6000,1,3000,1.8,50,16.250767195422334,-0.0820964823560723,0.0
238,500,3,3,1,0,10000,2,1500,1.8,50,15.980005104141574,-0.08212532188653769,0.0
239,800,30,5,0,0,3000,2,1500,1.8,50,116.43503393266647,-0.07142561185475471,1.0
240,600,30,4,0,0,8000,2,2500,1.9,50,118.50612654612428,-0.07120501473113243,1.0
241,1400,12,5,0,0,5000,2,100,0.0,250,11.149399099009504,-0.08263984150925295,0.0
242,3000,20,5,0,0,50000,1,2000,1.43,50,14.924525163628584,-0.08223774362828176,0.0
244,1500,7,5,0,0,13000,2,6000,1.8,50,16.11488266792209,-0.08211095574838538,0.0
245,500,17,3,0,0,10000,1,8000,1.9,50,18.939506214887373,-0.08181009820791257,0.0
246,500,30,3,0,0,8000,2,2000,1.33,50,113.02330019069586,-0.07178900393348327,1.0
247,1950,30,5,0,0,13000,1,7000,1.53,50,114.2341673585457,-0.07166003151931857,1.0
248,2500,30,5,0,0,16000,2,8000,1.8,50,116.90666600419699,-0.0713753771729681,1.0
249,7500,25,2,0,0,8500,999,3500,1.8,50,35.13492290974374,-0.08008508489101177,0.0
250,800,30,4,0,0,9000,2,2500,1.8,50,116.45287116173012,-0.07142371196799964,1.0
251,1000,30,2,0,0,10000,1,4000,1.9,50,118.59585238356046,-0.07119545781343381,1.0
252,3000,21,3,0,1,13000,999,5000,1.8,50,18.2999896438676,-0.08187821467704537,0.0
253,2500,30,3,0,0,10000,2,7000,1.8,50,116.88489535317285,-0.07137769601808594,1.0
254,3500,30,3,0,0,6000,2,500,1.9,50,119.16772591426324,-0.0711345461694402,1.0
255,900,8,4,0,0,8000,2,4000,0.0,120,10.89582664659934,-0.08266685012937358,0.0
256,500,15,3,0,0,7700,2,5500,1.9,50,18.597216161143365,-0.08184655635604647,0.0
257,1000,26,3,1,0,8000,2,2000,1.9,50,23.68252198937116,-0.08130490803421031,0.0
258,4000,30,6,0,0,32000,1,15000,1.8,50,117.63157754148152,-0.07129816507778391,1.0
259,1000,12,2,0,0,9100,2,5600,1.9,50,18.371934422314176,-0.0818705516632903,0.0
260,1000,30,5,1,0,12000,1,5000,1.43,50,113.52902748484904,-0.07173513768641032,1.0
261,1000,7,6,1,0,17800,2,7900,0.0,120,10.960250527273796,-0.08265998818477631,0.0
262,1000,30,2,0,0,6000,1,6000,1.8,50,116.55224968906539,-0.07141312691876643,1.0
263,1000,7,5,1,0,9000,1,3000,1.9,50,18.05177752548358,-0.08190465235492028,0.0
264,1000,5,4,0,0,12000,2,8500,1.9,50,18.148775282088074,-0.08189432088738197,0.0
265,1000,30,4,1,0,15000,1,7000,1.8,50,116.57321402416078,-0.07141089395632398,1.0
266,800,30,5,0,0,4200,1,1500,1.8,50,116.43503393266647,-0.07142561185475471,1.0
267,550,30,2,1,0,15000,2,4000,1.8,50,116.44353610709634,-0.07142470626742772,1.0
268,1000,16,6,1,0,17800,2,7900,1.8,50,16.774637490181004,-0.08204068365377187,0.0
269,1000,7,5,1,0,12000,2,5000,0.0,120,10.899528213895117,-0.08266645586641642,0.0
270,1500,30,4,0,0,6000,2,2000,1.9,50,118.64681744643083,-0.0711900294003337,1.0
271,1500,15,4,0,1,9000,999,4000,1.9,50,18.731828060373864,-0.08183221851447307,0.0
272,1000,16,4,0,0,8000,2,3000,1.9,50,18.75892289027191,-0.08182933257808292,0.0
273,2500,17,5,1,1,16000,2,7000,1.8,50,17.22232157238672,-0.0819929997307139,0.0
274,5000,30,5,0,0,15000,2,8000,1.8,50,118.11869080587418,-0.07124628145640212,1.0
275,1500,30,5,0,0,6500,999,4000,1.8,50,116.60047804171438,-0.07140798999934415,1.0
276,1000,30,5,0,0,30000,2,5000,1.9,50,118.61533288722846,-0.0711933828974943,1.0
277,500,30,5,1,1,10000,1,4000,1.9,50,118.51966250609044,-0.0712035729830355,1.0
278,800,10,3,0,0,12000,1,5000,1.9,50,18.188021005343913,-0.08189014072971618,0.0
279,3500,26,4,0,1,12000,2,3500,1.8,50,22.261599637832582,-0.08145625393810821,0.0
280,1000,15,5,0,0,8000,1,5000,1.9,50,18.663397707929335,-0.08183950719814644,0.0
281,1000,30,3,0,0,8000,2,4000,1.8,50,116.51256718560184,-0.07141735359895703,1.0
282,1500,30,5,0,1,20000,2,5000,1.8,50,116.61995854538239,-0.07140591508340464,1.0
283,1000,27,3,0,0,7500,2,4000,1.8,50,23.790590815721867,-0.08129339736004185,0.0
284,5000,18,5,0,0,160000,2,7600,1.8,50,18.62963086565316,-0.08184310378684145,0.0
285,650,26,4,0,0,12000,2,3500,1.9,50,23.655564823536686,-0.08130777930766542,0.0
286,3500,30,5,0,0,17000,2,10000,1.8,50,117.27603715530958,-0.07133603455112926,1.0
287,800,3,3,0,0,12000,1,12000,1.9,50,18.332093115341074,-0.08187479525802986,0.0
288,1000,30,4,0,0,8000,1,4500,1.8,50,116.52221968789364,-0.07141632548740494,1.0
289,2500,21,4,0,0,12000,2,3000,1.9,50,20.199548563765923,-0.08167588802532649,0.0
290,700,4,2,0,0,7000,2,4000,0.0,30,10.851568743987789,-0.08267156414648234,0.0
291,2500,25,3,0,0,6000,2,3500,1.8,50,20.59789307775475,-0.08163345937997009,0.0
292,500,7,3,0,0,5300,2,2000,1.8,50,15.8741536376338,-0.08213659638430332,0.0
293,700,25,5,0,0,11500,1,4000,1.8,50,20.24872709983695,-0.08167064989955136,0.0
294,3500,30,5,0,0,17500,2,4000,1.8,50,117.1474659012301,-0.0713497289888604,1.0
295,3500,30,4,0,0,9500,1,2000,1.9,50,119.19380530594655,-0.07113176838984996,1.0
296,1500,30,3,0,0,12000,2,3000,1.9,50,118.66496625885199,-0.07118809632607558,1.0
297,1500,11,2,0,0,10200,999,2300,1.8,50,16.237996974200787,-0.08209784254346864,0.0
298,1550,8,3,0,0,6000,999,2000,1.8,50,16.079670402504764,-0.08211470629262314,0.0
299,2000,10,1,0,0,9000,2,2500,1.8,50,16.279523527612387,-0.08209341944902225,0.0
300,1350,14,5,0,0,16000,2,6800,1.8,50,16.56141347187104,-0.08206339466380626,0.0
301,1000,5,5,0,0,7500,2,3500,0.0,85,10.855146961996036,-0.08267118302175852,0.0
302,1000,21,5,0,0,14000,2,7000,1.43,50,14.881005651754371,-0.08224237899759287,0.0
303,1800,29,3,0,0,10000,2,5000,1.8,50,38.219614798664416,-0.07975652683738577,0.0
304,3700,30,5,0,0,40000,1,15000,1.53,50,114.97355195025246,-0.07158127786382229,1.0
305,500,30,4,1,0,15000,1,2000,1.43,50,113.39641131046885,-0.0717492629584643,1.0
306,900,8,5,0,0,6000,2,1000,0.0,120,10.84134725178821,-0.08267265286253671,0.0
307,5000,22,5,0,0,10000,1,12000,1.8,50,19.918965743335708,-0.08170577358559673,0.0
308,1000,15,3,0,0,7700,2,5500,1.8,50,16.59012084065477,-0.08206033697196799,0.0
309,2500,28,5,0,0,10000,1,4000,1.8,50,28.131999887957388,-0.08083098329532078,0.0
310,1000,30,4,0,0,9000,2,7000,1.9,50,118.6564992221194,-0.07118899817080077,1.0
311,1000,28,5,1,0,9000,2,4000,1.8,50,27.820318558945313,-0.0808641812335588,0.0
312,500,30,3,0,0,9600,1,3000,1.8,50,116.41758032731082,-0.07142747088081336,1.0
313,2400,5,3,1,0,6000,2,1000,1.8,50,16.203098990953904,-0.0821015596127462,0.0
314,900,20,3,0,0,10000,1,4000,1.8,50,17.491264621993757,-0.08196435395081202,0.0
315,1550,30,5,0,0,14000,2,4000,1.53,50,114.09151827809522,-0.0716752254206585,1.0
316,1000,5,3,0,0,7500,2,4500,1.8,50,15.98152272485711,-0.0821251602410553,0.0
317,4500,30,3,0,0,12000,1,1500,1.8,50,117.60957558407878,-0.07130050855990806,1.0
318,3500,11,5,0,0,10000,1,6000,1.8,50,16.856234539222623,-0.08203199255314331,0.0
319,1500,29,3,0,0,10000,2,2000,1.43,50,35.100616111209085,-0.08008873899176432,0.0
320,1000,30,3,0,0,7000,2,2500,1.8,50,116.48461689110185,-0.07142033065296757,1.0
321,1500,10,3,0,0,6000,2,4000,0.0,220,11.0976702910827,-0.08264535127070104,0.0
322,400,18,3,1,0,9000,1,5000,1.8,50,16.961570819409477,-0.08202077292912877,0.0
323,1000,15,5,0,0,30000,1,7500,1.9,50,18.715345699157943,-0.08183397409095049,0.0
324,5000,8,5,0,0,11500,2,3500,1.8,50,17.53338912967154,-0.08195986716679893,0.0
325,500,30,2,0,0,18000,1,8000,1.8,50,116.5187947977149,-0.07141669028080783,1.0
326,1500,30,5,0,0,5000,2,5000,1.53,50,114.10145810356151,-0.0716741667056146,1.0
327,2000,27,3,0,0,11000,2,12000,1.53,50,21.64113430450331,-0.0815223412134673,0.0
328,1000,15,2,0,0,9100,2,5600,1.8,50,16.59214458386987,-0.08206012141814423,0.0
329,2000,14,4,0,0,12500,2,3500,0.0,450,11.518622483315236,-0.08260051462641697,0.0
330,1000,30,2,1,0,12000,2,4000,1.9,50,118.59585238356046,-0.07119545781343381,1.0
331,1500,10,4,0,0,12000,1,4000,0.0,220,11.0976702910827,-0.08264535127070104,0.0
332,1000,30,3,1,1,10000,2,4500,1.8,50,116.52221968789364,-0.07141632548740494,1.0
333,2000,30,5,0,0,8500,1,5000,1.53,50,114.20402003647231,-0.07166324258409235,1.0
334,1800,14,3,0,1,10000,2,2500,1.8,50,16.56438570259807,-0.08206307808426516,0.0
335,1350,30,4,0,0,6000,2,2000,1.53,50,114.01727054628513,-0.07168313372759097,1.0
336,3000,30,4,0,0,12500,2,4500,1.8,50,116.97934981047699,-0.07136763544355673,1.0
337,2000,30,5,0,0,8000,1,3000,1.9,50,118.76752819176279,-0.07117717220455332,1.0
338,2500,30,3,0,0,5500,1,1500,1.43,50,113.77544078662947,-0.07170889160487741,1.0
339,1000,17,2,0,0,12000,1,3000,1.8,50,16.831196423994697,-0.08203465942383963,0.0
340,2500,16,5,1,1,12000,2,7500,1.9,50,19.160829695001617,-0.08178652450445478,0.0
341,3000,20,4,0,0,25000,2,5000,1.53,50,15.465471223138692,-0.08218012614464662,0.0
342,1100,15,3,0,0,13000,2,12000,1.9,50,18.839051305073625,-0.0818207979052678,0.0
343,600,30,2,1,0,9000,1,3000,1.8,50,116.43199466184464,-0.07142593557489973,1.0
344,700,30,2,0,0,8000,2,2000,1.53,50,113.9101546391827,-0.07169454290400705,1.0
345,1500,9,5,0,0,13000,2,6000,1.8,50,16.190360657713107,-0.08210291640367598,0.0
346,800,30,3,0,0,7300,1,4000,1.9,50,118.56410665418872,-0.07119883912846588,1.0
347,1000,30,5,0,0,11000,1,2000,1.8,50,116.47562139235967,-0.07142128878546979,1.0
348,500,14,5,0,0,11000,2,4500,1.8,50,16.37833557968295,-0.08208289473645057,0.0
349,4000,30,4,0,0,9760,2,2000,1.9,50,119.41601271434155,-0.07110810053703595,1.0
350,900,30,3,0,0,6000,999,2500,1.8,50,116.46852047438739,-0.07142204512155519,1.0
351,1550,30,3,0,0,11000,2,4500,1.9,50,118.70295642016652,-0.07118404990137324,1.0
352,3000,30,6,0,0,16000,2,4000,1.8,50,116.96969730818519,-0.0713686635551088,1.0
353,800,6,3,0,0,9000,2,3000,0.95,50,11.669889348448244,-0.08258440282382018,0.0
354,2500,30,2,1,0,11000,1,4000,1.8,50,116.82424851461391,-0.07138415566071898,1.0
355,1000,30,2,0,0,8700,1,1000,1.8,50,116.4580877907907,-0.07142315633212015,1.0
356,3500,30,5,1,0,10000,1,6500,1.53,50,114.67903216678711,-0.07161264788400397,1.0
357,1000,30,2,0,0,8000,2,4500,1.9,50,118.60550488585226,-0.07119442970188172,1.0
358,3500,30,3,0,1,10000,2,5000,1.43,50,114.1639262004773,-0.07166751307631371,1.0
359,1000,30,3,0,0,10000,1,5000,1.53,50,114.01354724744897,-0.07168353030522748,1.0
360,3000,30,5,0,0,8800,1,2000,1.8,50,116.93275151494302,-0.07137259874162158,1.0
361,3000,30,4,0,1,5200,2,2300,1.8,50,116.93813010614264,-0.07137202585475978,1.0
362,1000,18,1,0,0,6000,2,4000,1.9,50,19.115600416083673,-0.08179134198522217,0.0
363,2000,14,5,0,0,15000,2,5000,1.8,50,16.654826247552514,-0.0820534450413263,0.0
364,1500,30,3,0,0,10000,1,5000,1.8,50,116.61995854538239,-0.07140591508340464,1.0
365,2500,30,3,1,0,7000,2,2000,1.8,50,116.78730272137174,-0.07138809084723176,1.0
366,300,12,5,1,1,19000,1,5000,1.8,50,16.17272175505835,-0.08210479516620171,0.0
367,4000,30,5,0,0,13000,2,5000,1.9,50,119.47243901125172,-0.07110209043458367,1.0
368,4000,19,4,0,0,5000,1,2000,1.8,50,18.06840947382725,-0.0819028808455532,0.0
369,1500,20,5,0,0,8000,1,2000,1.9,50,19.641611299537203,-0.08173531528360108,0.0
370,3000,14,3,1,1,15000,2,8000,1.53,50,14.465920125206704,-0.0822865907690118,0.0
371,3000,15,6,0,0,9000,2,2000,1.53,50,14.462315893823014,-0.08228697466448368,0.0
372,1000,15,3,0,0,15000,2,9500,1.9,50,18.760607293278703,-0.08182915316821207,0.0
373,2500,7,2,0,0,15000,1,7000,0.0,290,11.252375877798116,-0.08262887320148483,0.0
374,3000,16,5,0,0,55000,1,40000,1.8,50,19.08011625005094,-0.08179512149025737,0.0
375,1200,30,2,0,0,6500,2,4000,1.8,50,116.5461802284375,-0.07141377339181537,1.0
376,2500,30,3,0,0,8000,2,1500,1.8,50,116.77846099105028,-0.07138903260148459,1.0
377,1000,30,5,0,0,10000,1,6000,1.8,50,116.55224968906539,-0.07141312691876643,1.0
378,1700,12,3,0,0,10000,1,5000,1.8,50,16.403599312128673,-0.08208020383471432,0.0
379,1000,30,3,0,0,11000,1,8000,1.43,50,113.59196447076411,-0.07172843411459895,1.0
380,900,20,3,0,0,3500,2,1500,1.71,50,16.297565336219378,-0.08209149777200125,0.0
381,1150,30,5,1,0,16800,1,5000,1.8,50,116.55707346644698,-0.07141261312647706,1.0
382,2000,30,3,0,0,11000,1,3000,1.9,50,118.76752819176279,-0.07117717220455332,1.0
383,500,14,3,0,0,8200,2,3000,1.9,50,18.433171294528748,-0.08186402917473407,0.0
384,1000,15,5,0,0,15000,2,5000,1.43,50,13.577092305549911,-0.08238126198706247,0.0
385,3500,20,5,0,0,19800,2,8000,1.9,50,20.30796244187816,-0.08166434059885366,0.0
386,3500,30,3,0,0,7500,2,3000,1.8,50,117.1286689204091,-0.07135173110111505,1.0
387,1000,16,2,0,0,6000,2,1500,1.9,50,18.731932347529295,-0.08183220740659389,0.0
388,1000,14,4,0,0,11200,1,1200,1.9,50,18.4771377680854,-0.08185934619844445,0.0
389,1000,3,5,0,0,4500,2,1000,1.9,50,18.1307883083227,-0.0818962367238103,0.0
390,1500,30,2,0,0,15000,1,12000,1.8,50,116.77904918329337,-0.07138896995169476,1.0
391,2000,30,3,0,0,21000,1,16000,1.8,50,116.99524713118322,-0.07136594218117034,1.0
392,1800,26,4,0,0,3500,1,3500,1.53,50,19.255663522620335,-0.08177642352226845,0.0
393,3000,30,3,0,0,8000,2,2000,1.8,50,116.93275151494302,-0.07137259874162158,1.0
394,1000,30,2,0,0,8000,2,3000,1.33,50,113.11763888058704,-0.07177895568962346,1.0
395,1000,15,5,0,0,14000,2,3500,1.53,50,14.03264990203144,-0.08233273943680319,0.0
396,2500,17,4,0,1,10000,2,3000,1.8,50,17.142877753006776,-0.08200146148560158,0.0
397,1000,30,4,0,0,9000,2,7564,1.8,50,116.58539057622166,-0.0714095970020773,1.0
398,1500,29,5,0,0,15000,2,4000,1.8,50,38.14058210887206,-0.07976494480185874,0.0
399,3000,30,2,0,0,3000,2,1000,1.8,50,116.91521791337405,-0.07137446628827193,1.0
400,1500,16,4,0,0,10000,2,5000,1.8,50,16.80182603291487,-0.08203778773579912,0.0
401,5000,5,5,1,1,16000,2,10000,1.53,50,15.105647165513165,-0.08221845188228218,0.0
402,550,30,4,0,0,4500,2,2000,1.8,50,116.40659031385417,-0.07142864145394048,1.0
403,4000,15,5,0,0,10200,2,7000,1.8,50,17.478384968884907,-0.08196572579406548,0.0
404,3000,30,5,0,0,8000,1,4000,1.8,50,116.96969730818519,-0.0713686635551088,1.0
405,1500,30,2,0,0,10000,2,5000,1.43,50,113.61693834096158,-0.07172577408679745,1.0
406,3500,30,5,0,0,15000,2,8000,1.9,50,119.3131685887718,-0.0711190547155863,1.0
407,1000,30,2,0,0,2000,1,10000,1.53,50,114.12263799786044,-0.07167191078343584,1.0
408,1000,3,4,0,1,8000,2,6500,1.9,50,18.23533441051172,-0.08188510126358077,0.0
409,1800,30,3,0,0,10000,2,5000,1.8,50,116.67951073150674,-0.07139957203487118,1.0
410,1500,30,3,0,0,9500,1,4000,1.43,50,113.59745783729358,-0.07172784900273697,1.0
411,3000,30,5,0,0,15000,2,5500,1.8,50,116.99918614253724,-0.07136552262746763,1.0
412,1000,28,3,0,0,5000,2,1000,1.9,50,29.849124362092788,-0.08064808818119873,0.0
413,1000,30,2,0,0,1000,999,3000,1.8,50,116.49377020478083,-0.07141935571121166,1.0
414,3050,8,5,0,0,37000,2,3000,1.8,50,16.473658682319105,-0.08207274164038926,0.0
415,3000,26,3,0,0,3500,1,3500,1.8,50,22.083831044787665,-0.0814751885043566,0.0
416,500,30,3,0,0,3100,2,31000,1.8,50,117.43390856605248,-0.07131921928227755,1.0
417,2000,13,5,0,0,1100,2,2000,1.8,50,16.4979168703242,-0.08207015784164293,0.0
418,1000,30,3,0,0,7000,1,3000,1.9,50,118.57705540273945,-0.07119745992568845,1.0
419,1500,15,5,0,0,18000,1,10000,1.9,50,18.860399314453346,-0.08181852407674192,0.0
420,2500,30,2,0,0,9000,999,4000,1.9,50,118.90753371257253,-0.07116225987519577,1.0
421,1000,15,3,0,0,10000,2,7000,1.9,50,18.70456404282026,-0.0818351224714529,0.0
422,3500,30,3,0,1,11000,1,6500,1.9,50,119.2808178065666,-0.07112250047627079,1.0
423,3500,30,5,0,0,15700,2,3000,1.9,50,119.21195411836771,-0.07112983531559182,1.0
424,600,7,3,0,0,5880,2,4500,1.9,50,18.018451465660206,-0.08190820199480163,0.0
425,1000,17,2,0,0,9720,1,4500,1.8,50,16.859645907107513,-0.0820316292000329,0.0
426,800,11,4,0,0,8000,2,3000,1.8,50,16.131110609938048,-0.08210922727071725,0.0
427,1400,20,3,0,0,8500,1,4000,1.8,50,17.576624185897085,-0.08195526209555244,0.0
428,4000,30,5,0,0,7300,2,2500,1.53,50,114.82322257330424,-0.07159728981226691,1.0
429,4000,10,3,0,0,13000,2,6000,1.9,50,19.097074858534462,-0.08179331518752239,0.0
430,2500,30,5,0,0,13000,2,8000,1.9,50,118.98995120215561,-0.07115348138744489,1.0
431,5000,30,5,1,0,10000,999,3000,1.53,50,115.49897589364922,-0.0715253136786176,1.0
432,6000,30,4,0,0,10000,2,7000,1.8,50,119.43002019317728,-0.07110660856631466,1.0
434,1000,9,3,0,0,8000,2,4000,1.8,50,16.062767298136997,-0.08211650668347945,0.0
435,1000,5,2,0,0,10000,1,6000,1.8,50,16.011552726028867,-0.08212196167241678,0.0
436,3300,30,5,0,0,8000,2,5000,1.8,50,117.09130048478217,-0.07135571130429862,1.0
437,1000,30,5,0,0,12000,1,7000,1.8,50,116.57321402416078,-0.07141089395632398,1.0
438,1000,30,2,0,0,20000,2,5000,1.9,50,118.61533288722846,-0.0711933828974943,1.0
439,1000,29,4,0,0,7000,1,4000,1.9,50,40.135956450718126,-0.07955241261594839,0.0
440,1500,30,3,0,0,9000,2,3000,1.9,50,118.66496625885199,-0.07118809632607558,1.0
441,3500,26,4,0,0,16000,2,6000,1.8,50,22.310763803746536,-0.08145101734293354,0.0
442,650,17,3,0,0,10500,2,5000,1.8,50,16.815052611857478,-0.08203637894062929,0.0
443,1800,30,4,0,0,9000,2,2500,1.8,50,116.63207993333874,-0.07140462400482123,1.0
444,2500,30,5,0,0,7000,2,3000,1.9,50,118.88873673175152,-0.07116426198745042,1.0
445,1000,3,5,0,0,34000,1,10000,1.8,50,16.230553759254704,-0.08209863533843924,0.0
446,1000,30,5,0,0,9000,2,1900,1.53,50,113.95534043003778,-0.07168973005525926,1.0
447,1050,15,3,0,0,6000,2,3000,1.9,50,18.633342126638567,-0.08184270849138578,0.0
448,500,30,5,0,0,7000,2,4000,1.8,50,116.43637730813182,-0.07142546876855872,1.0
449,5000,17,5,0,0,8000,2,5000,1.8,50,18.39318003917298,-0.08186828874084144,0.0
450,1000,30,5,0,0,25000,2,6000,1.9,50,118.63553488702401,-0.07119123113324322,1.0
451,600,30,3,1,0,10000,2,4000,1.8,50,116.45079164266565,-0.0714239334626451,1.0
452,3500,29,3,0,0,8000,2,6000,1.8,50,38.72725247185134,-0.0797024571111844,0.0
453,1500,20,4,1,0,15000,2,5000,1.8,50,17.614752398488772,-0.08195120096667201,0.0
454,3800,30,5,0,1,9000,2,5000,1.8,50,117.29392252029022,-0.07133412953730031,1.0
455,1000,18,2,0,0,9100,2,5600,1.8,50,17.063827795692223,-0.08200988128928045,0.0
456,1600,30,5,0,0,18000,2,4000,1.9,50,118.70299366218585,-0.07118404593463497,1.0
457,1050,14,3,0,0,8000,2,8000,1.33,50,13.15938102344871,-0.08242575343410705,0.0
458,1500,3,3,0,0,9200,2,2000,1.9,50,18.236232766004207,-0.08188500557754706,0.0
459,4000,30,5,0,0,8500,2,5000,1.8,50,117.3891538132931,-0.07132398622010688,1.0
460,3500,26,5,0,0,7000,2,4000,1.33,50,18.894949976089187,-0.08181484400153592,0.0
461,2000,7,5,0,1,14000,2,4000,1.53,50,13.659261655548445,-0.08237250992926369,0.0
462,1500,30,3,0,1,7500,2,8000,1.8,50,116.68289553129746,-0.07139921151159326,1.0
463,4000,30,5,0,0,38000,1,10000,1.8,50,117.49824456370457,-0.07131236669831525,1.0
464,2000,30,5,0,0,9000,1,1500,1.8,50,116.65725245106155,-0.0714019428185875,1.0
465,3000,30,5,0,0,10000,1,10000,1.53,50,114.57976812044379,-0.07162322073958763,1.0
466,1000,30,2,0,1,9000,1,3500,1.9,50,118.58637072111006,-0.07119646772841788,1.0
467,800,15,5,0,0,14000,2,8000,1.8,50,16.611303766514045,-0.08205808072689035,0.0
469,1000,8,4,0,0,10000,1,3500,1.53,50,13.491182557161405,-0.0823904124438129,0.0
470,1500,30,5,0,0,4500,1,1800,1.8,50,116.5599773260658,-0.0714123038293094,1.0
471,2500,30,3,0,0,6900,1,1000,1.8,50,116.76976911980277,-0.07138995839388212,1.0
472,1400,12,4,0,0,3500,1,1700,0.0,250,11.17688916541514,-0.08263691347525878,0.0
473,500,30,2,1,0,15000,2,4000,1.8,50,116.43637730813182,-0.07142546876855872,1.0
477,4000,30,5,0,0,12000,2,3000,1.9,50,119.43416152676271,-0.07110616746277781,1.0
478,3000,30,5,0,0,15000,2,1000,1.53,50,114.39671747155317,-0.07164271791048189,1.0
479,1000,24,3,0,0,10000,1,6000,1.9,50,21.50460994146986,-0.08153688275622296,0.0
480,1000,19,3,0,0,7500,2,2300,1.9,50,19.29996713896221,-0.08177170463607883,0.0
481,1500,30,4,0,0,6000,2,3500,1.8,50,116.59099637926398,-0.07140899991432823,1.0
482,2500,14,5,0,0,7500,1,2500,1.9,50,18.811889187331865,-0.08182369100865024,0.0
483,3000,30,5,0,0,8000,2,3000,1.62,50,115.01134444878262,-0.07157725249266501,1.0
484,1500,30,3,0,0,8000,2,3000,1.8,50,116.58168106089337,-0.07140999211159879,1.0
485,4000,8,3,0,1,5000,2,3000,1.8,50,16.857473804634925,-0.0820318605559629,0.0
486,1500,30,2,0,0,7000,2,1000,1.8,50,116.54599864690324,-0.07141379273250728,1.0
487,500,20,3,0,0,12000,1,12000,1.8,50,17.609742302817185,-0.0819517346041767,0.0
488,1500,30,3,0,0,15000,2,3000,1.8,50,116.58168106089337,-0.07140999211159879,1.0
489,3000,7,6,1,0,10000,2,8000,1.53,50,14.008336478691525,-0.08233532911879972,0.0
490,4500,30,2,0,0,12000,2,1500,1.8,50,117.60957558407878,-0.07130050855990806,1.0
491,1000,30,3,0,0,10000,1,3000,1.9,50,118.57705540273945,-0.07119745992568845,1.0
492,1000,8,4,1,0,6500,2,4500,1.9,50,18.112102361683093,-0.08189822700954358,0.0
493,2000,20,5,0,1,11800,2,3600,1.8,50,17.690235048676183,-0.08194316112557241,0.0
494,1000,15,5,0,0,12000,2,6000,1.9,50,18.68359970772488,-0.08183735543389535,0.0
495,500,3,2,0,0,15000,999,5000,1.9,50,18.128558329331824,-0.08189647424430936,0.0
496,2500,30,3,0,0,8000,2,2500,1.43,50,113.79327801569312,-0.07170699171812234,1.0
497,1050,14,4,0,0,15000,1,3500,1.8,50,16.44361319560903,-0.08207594185843022,0.0
498,1300,4,3,0,0,12000,2,10000,1.8,50,16.185519968911603,-0.08210343199724192,0.0
